John Barnes,NEUROLOGY,DOCTOR,4,9023475009,doc0@iith.ac.in,71
Gerald Thomas,ORTHOPEDICS,DOCTOR,1,6419946742,doc1@iith.ac.in,91
Jacob Davis,CARDIOLOGY,DOCTOR,4,6326529087,doc2@iith.ac.in,31
Antonio Huang,GYNECOLOGY,DOCTOR,3,6134960052,doc3@iith.ac.in,93
Kari Dean,PULMONOLOGY,DOCTOR,1,8470000078,doc4@iith.ac.in,49
Paul Morgan,PEDIATRICS,DOCTOR,2,6871572307,doc5@iith.ac.in,8
Brittany Fisher,GENERAL MEDICINE,DOCTOR,2,8135599725,doc6@iith.ac.in,56
Patricia Walker,NEUROLOGY,DOCTOR,5,9602700366,doc7@iith.ac.in,15
Randy Simmons,ORTHOPEDICS,DOCTOR,4,9544147873,doc8@iith.ac.in,4
Robert Lewis,CARDIOLOGY,DOCTOR,4,7841115304,doc9@iith.ac.in,14
Tricia Brown,GYNECOLOGY,DOCTOR,3,6304831403,doc10@iith.ac.in,39
Samantha Stone,PULMONOLOGY,DOCTOR,3,6839387338,doc11@iith.ac.in,21
Rachel Foster,PEDIATRICS,DOCTOR,1,8210920768,doc12@iith.ac.in,51
Audrey Newman,GENERAL MEDICINE,DOCTOR,1,6183141540,doc13@iith.ac.in,87
Marc Cline,NEUROLOGY,DOCTOR,1,9688488709,doc14@iith.ac.in,73
Brian Douglas,ORTHOPEDICS,DOCTOR,1,6153956188,doc15@iith.ac.in,9
William Rodriguez,CARDIOLOGY,DOCTOR,1,6278376899,doc16@iith.ac.in,14
Courtney Hamilton,GYNECOLOGY,DOCTOR,1,6104783563,doc17@iith.ac.in,36
Mitchell Gonzales IV,PULMONOLOGY,DOCTOR,1,8660750313,doc18@iith.ac.in,38
Edward Walker,PEDIATRICS,DOCTOR,4,6578987441,doc19@iith.ac.in,1
Todd Osborne,GENERAL MEDICINE,DOCTOR,5,6705325700,doc20@iith.ac.in,73
Angela Santana,NEUROLOGY,DOCTOR,5,8055525552,doc21@iith.ac.in,0
Paige Holden,ORTHOPEDICS,DOCTOR,3,6202098820,doc22@iith.ac.in,91
Jennifer Rich,CARDIOLOGY,DOCTOR,2,8601470179,doc23@iith.ac.in,3
Jessica Spencer,GYNECOLOGY,DOCTOR,4,9330356389,doc24@iith.ac.in,42
Joshua Smith,PULMONOLOGY,DOCTOR,2,6492564587,doc25@iith.ac.in,21
Anna Jones,PEDIATRICS,DOCTOR,5,9084914991,doc26@iith.ac.in,88
Joseph Richardson,GENERAL MEDICINE,DOCTOR,2,8156034051,doc27@iith.ac.in,49
Robert Harris,NEUROLOGY,DOCTOR,1,8451668746,doc28@iith.ac.in,52
Jordan Conner,ORTHOPEDICS,DOCTOR,4,7941703928,doc29@iith.ac.in,43
Jeffrey Taylor,CARDIOLOGY,DOCTOR,5,7630914886,doc30@iith.ac.in,25
Lauren Howard,GYNECOLOGY,DOCTOR,3,9735874997,doc31@iith.ac.in,4
Miss Tracy Casey,PULMONOLOGY,DOCTOR,2,8918116037,doc32@iith.ac.in,81
Robert Scott,PEDIATRICS,DOCTOR,1,6498520120,doc33@iith.ac.in,23
Lauren David,GENERAL MEDICINE,DOCTOR,3,8524177280,doc34@iith.ac.in,80
Lucas Henry,NEUROLOGY,DOCTOR,3,6869720580,doc35@iith.ac.in,98
Corey Boyd,ORTHOPEDICS,DOCTOR,2,9882112845,doc36@iith.ac.in,7
Wayne Hayes,CARDIOLOGY,DOCTOR,4,9067722149,doc37@iith.ac.in,61
Sandra Higgins,GYNECOLOGY,DOCTOR,3,6105674618,doc38@iith.ac.in,71
Keith Miller,PULMONOLOGY,DOCTOR,1,7966175967,doc39@iith.ac.in,13
Krista Evans,PEDIATRICS,DOCTOR,2,6638904819,doc40@iith.ac.in,40
Charles Smith,GENERAL MEDICINE,DOCTOR,5,6951970467,doc41@iith.ac.in,73
Stephanie Armstrong,NEUROLOGY,DOCTOR,2,7316975702,doc42@iith.ac.in,91
Cynthia Arnold,ORTHOPEDICS,DOCTOR,1,8814610420,doc43@iith.ac.in,69
Travis King,CARDIOLOGY,DOCTOR,5,6765484498,doc44@iith.ac.in,17
Brent Campos,GYNECOLOGY,DOCTOR,2,6350299267,doc45@iith.ac.in,85
Sara Williams,PULMONOLOGY,DOCTOR,5,6314415827,doc46@iith.ac.in,51
Kristin Acosta,PEDIATRICS,DOCTOR,4,6480056402,doc47@iith.ac.in,81
Jared Flynn,GENERAL MEDICINE,DOCTOR,1,7355692397,doc48@iith.ac.in,80
Molly Weaver,NEUROLOGY,DOCTOR,3,7192893227,doc49@iith.ac.in,86
Craig Williams,ORTHOPEDICS,DOCTOR,3,6267336896,doc50@iith.ac.in,7
Rachel Abbott,CARDIOLOGY,DOCTOR,2,6420293059,doc51@iith.ac.in,34
Rachel Ware,GYNECOLOGY,DOCTOR,3,7072820976,doc52@iith.ac.in,78
Rose Tran,PULMONOLOGY,DOCTOR,5,6697075697,doc53@iith.ac.in,84
Courtney Kennedy,PEDIATRICS,DOCTOR,4,8989481918,doc54@iith.ac.in,44
Charles Spencer,GENERAL MEDICINE,DOCTOR,4,7231389400,doc55@iith.ac.in,46
Mike Anderson,NEUROLOGY,DOCTOR,3,6849864824,doc56@iith.ac.in,31
Aaron Singh,ORTHOPEDICS,DOCTOR,3,8842089419,doc57@iith.ac.in,81
Mark Vasquez,CARDIOLOGY,DOCTOR,1,9889945186,doc58@iith.ac.in,83
Jacob Fitzgerald,GYNECOLOGY,DOCTOR,3,8687784482,doc59@iith.ac.in,31
Jonathan Terry,PULMONOLOGY,DOCTOR,4,6418547245,doc60@iith.ac.in,71
Troy Thompson,PEDIATRICS,DOCTOR,2,6838674156,doc61@iith.ac.in,93
Melinda Jones,GENERAL MEDICINE,DOCTOR,1,7611475441,doc62@iith.ac.in,18
Todd Gregory,NEUROLOGY,DOCTOR,4,9320758066,doc63@iith.ac.in,90
Nancy Roberson,ORTHOPEDICS,DOCTOR,4,7475689284,doc64@iith.ac.in,24
Carl Todd,CARDIOLOGY,DOCTOR,2,8879044469,doc65@iith.ac.in,79
Katherine Melendez,GYNECOLOGY,DOCTOR,5,7526699366,doc66@iith.ac.in,64
Eric Martin,PULMONOLOGY,DOCTOR,5,9033397245,doc67@iith.ac.in,1
Amanda Hamilton,PEDIATRICS,DOCTOR,3,8477357526,doc68@iith.ac.in,72
Dr. Barbara Mendoza,GENERAL MEDICINE,DOCTOR,2,7287177601,doc69@iith.ac.in,5
Kathleen Baker,NEUROLOGY,DOCTOR,1,6365913470,doc70@iith.ac.in,77
Gregg Griffin,ORTHOPEDICS,DOCTOR,1,7430441044,doc71@iith.ac.in,63
Angela Gibson,CARDIOLOGY,DOCTOR,5,9451148155,doc72@iith.ac.in,40
James Lewis,GYNECOLOGY,DOCTOR,2,8243552949,doc73@iith.ac.in,81
Ruth Mcpherson,PULMONOLOGY,DOCTOR,5,6126098656,doc74@iith.ac.in,2
Jeff Webb,PEDIATRICS,DOCTOR,4,7368911110,doc75@iith.ac.in,94
Daniel Flowers,GENERAL MEDICINE,DOCTOR,4,8153868181,doc76@iith.ac.in,17
Mark Harris,NEUROLOGY,DOCTOR,4,8470068854,doc77@iith.ac.in,30
Luis Newton,ORTHOPEDICS,DOCTOR,5,7275004795,doc78@iith.ac.in,66
Donna Carrillo,CARDIOLOGY,DOCTOR,1,9226266059,doc79@iith.ac.in,6
Heather Marsh DDS,GYNECOLOGY,DOCTOR,1,6654536982,doc80@iith.ac.in,4
Richard Durham,PULMONOLOGY,DOCTOR,3,7847586218,doc81@iith.ac.in,56
Jessica Middleton,PEDIATRICS,DOCTOR,3,9286667928,doc82@iith.ac.in,5
James Fowler,GENERAL MEDICINE,DOCTOR,3,8704176685,doc83@iith.ac.in,30
Andrew Warren,NEUROLOGY,DOCTOR,5,8477335595,doc84@iith.ac.in,15
Christopher Garcia,ORTHOPEDICS,DOCTOR,3,8217587934,doc85@iith.ac.in,93
Michelle Murphy,CARDIOLOGY,DOCTOR,2,7151125447,doc86@iith.ac.in,56
Carrie Bryant,GYNECOLOGY,DOCTOR,3,8993543325,doc87@iith.ac.in,49
Jessica Shah,PULMONOLOGY,DOCTOR,2,6669583922,doc88@iith.ac.in,27
Matthew Cobb,PEDIATRICS,DOCTOR,4,6916428973,doc89@iith.ac.in,55
Kevin Lopez,GENERAL MEDICINE,DOCTOR,2,9930216412,doc90@iith.ac.in,65
David Gonzalez,NEUROLOGY,DOCTOR,3,6535577855,doc91@iith.ac.in,87
Sarah Orozco PhD,ORTHOPEDICS,DOCTOR,1,8226007963,doc92@iith.ac.in,21
Dennis Stewart,CARDIOLOGY,DOCTOR,5,6050452846,doc93@iith.ac.in,50
Angela Martinez,GYNECOLOGY,DOCTOR,2,6592627964,doc94@iith.ac.in,21
Aaron Powell,PULMONOLOGY,DOCTOR,5,8965697033,doc95@iith.ac.in,52
Melinda Diaz,PEDIATRICS,DOCTOR,2,7813272554,doc96@iith.ac.in,41
Emily Hamilton,GENERAL MEDICINE,DOCTOR,1,9571092664,doc97@iith.ac.in,52
Jesus Mccoy,NEUROLOGY,DOCTOR,3,7630032813,doc98@iith.ac.in,96
Virginia Johnson,ORTHOPEDICS,DOCTOR,1,6046146671,doc99@iith.ac.in,11
Lori Craig,CARDIOLOGY,DOCTOR,3,9227541557,doc100@iith.ac.in,46
Keith Farley,GYNECOLOGY,DOCTOR,3,6614821490,doc101@iith.ac.in,94
Brooke Wilson,PULMONOLOGY,DOCTOR,2,6066252262,doc102@iith.ac.in,86
Linda Kennedy,PEDIATRICS,DOCTOR,1,6781017824,doc103@iith.ac.in,73
Arthur Farmer MD,GENERAL MEDICINE,DOCTOR,4,9857966075,doc104@iith.ac.in,17
Adam Williams,NEUROLOGY,DOCTOR,5,7688352748,doc105@iith.ac.in,5
John Stark,ORTHOPEDICS,DOCTOR,3,7615566864,doc106@iith.ac.in,34
Kelly Taylor,CARDIOLOGY,DOCTOR,4,8424250926,doc107@iith.ac.in,3
Justin Marsh,GYNECOLOGY,DOCTOR,2,8003903696,doc108@iith.ac.in,14
Miguel Carrillo,PULMONOLOGY,DOCTOR,1,9447987175,doc109@iith.ac.in,79
Samantha Ramirez,PEDIATRICS,DOCTOR,1,9527840276,doc110@iith.ac.in,48
Nicole Vargas,GENERAL MEDICINE,DOCTOR,2,7061370539,doc111@iith.ac.in,1
Stephen Green,NEUROLOGY,DOCTOR,1,9712410160,doc112@iith.ac.in,97
Donald Ferguson,ORTHOPEDICS,DOCTOR,1,9885479799,doc113@iith.ac.in,78
Damon Murphy,CARDIOLOGY,DOCTOR,1,7664977566,doc114@iith.ac.in,78
Mary Edwards,GYNECOLOGY,DOCTOR,4,7790524312,doc115@iith.ac.in,49
Benjamin Montoya,PULMONOLOGY,DOCTOR,3,6024784214,doc116@iith.ac.in,79
Anne Powell,PEDIATRICS,DOCTOR,1,7067802017,doc117@iith.ac.in,96
Rachel Villarreal,GENERAL MEDICINE,DOCTOR,1,8064996511,doc118@iith.ac.in,64
Dawn Rangel,NEUROLOGY,DOCTOR,2,6142844107,doc119@iith.ac.in,10
Cynthia Hoffman,ORTHOPEDICS,DOCTOR,5,7983866204,doc120@iith.ac.in,65
Jeff Cooper,CARDIOLOGY,DOCTOR,2,8700262932,doc121@iith.ac.in,32
Nicole Burns,GYNECOLOGY,DOCTOR,3,8502341645,doc122@iith.ac.in,77
Debra Horton,PULMONOLOGY,DOCTOR,4,8709492143,doc123@iith.ac.in,15
Levi Travis,PEDIATRICS,DOCTOR,1,6166815936,doc124@iith.ac.in,57
William Johnston,GENERAL MEDICINE,DOCTOR,5,8162403627,doc125@iith.ac.in,28
Mary Hess,NEUROLOGY,DOCTOR,5,9455326818,doc126@iith.ac.in,92
Jose Ford,ORTHOPEDICS,DOCTOR,5,7701606246,doc127@iith.ac.in,52
Ryan Simmons,CARDIOLOGY,DOCTOR,3,9268582270,doc128@iith.ac.in,52
Jennifer Hall,GYNECOLOGY,DOCTOR,3,8661352062,doc129@iith.ac.in,72
Charles Rose,PULMONOLOGY,DOCTOR,4,8046405404,doc130@iith.ac.in,99
Evan Ramirez,PEDIATRICS,DOCTOR,3,8069823241,doc131@iith.ac.in,50
Kerry Hayes,GENERAL MEDICINE,DOCTOR,2,6013100303,doc132@iith.ac.in,28
Diane Robertson,NEUROLOGY,DOCTOR,3,7590625330,doc133@iith.ac.in,3
Nicole Nichols,ORTHOPEDICS,DOCTOR,2,6872670222,doc134@iith.ac.in,46
Brandon Cook,CARDIOLOGY,DOCTOR,3,9782564298,doc135@iith.ac.in,12
Gregory Lewis,GYNECOLOGY,DOCTOR,1,8532202927,doc136@iith.ac.in,48
Maria Graham,PULMONOLOGY,DOCTOR,1,7807694540,doc137@iith.ac.in,98
Jennifer Wright,PEDIATRICS,DOCTOR,3,9496422957,doc138@iith.ac.in,81
April Tucker,GENERAL MEDICINE,DOCTOR,3,9370703229,doc139@iith.ac.in,35
Crystal Abbott,NEUROLOGY,DOCTOR,2,7597143344,doc140@iith.ac.in,93
Jamie David,ORTHOPEDICS,DOCTOR,1,8574038904,doc141@iith.ac.in,16
Robert Gates,CARDIOLOGY,DOCTOR,1,8259138920,doc142@iith.ac.in,62
James Brown,GYNECOLOGY,DOCTOR,5,6083449572,doc143@iith.ac.in,15
Samantha Jackson,PULMONOLOGY,DOCTOR,4,7350265597,doc144@iith.ac.in,98
Matthew Craig,PEDIATRICS,DOCTOR,1,7451875119,doc145@iith.ac.in,23
Vanessa Mckee,GENERAL MEDICINE,DOCTOR,5,7225095381,doc146@iith.ac.in,65
Walter Chambers,NEUROLOGY,DOCTOR,4,6626348006,doc147@iith.ac.in,49
Amy Warner,ORTHOPEDICS,DOCTOR,1,6359938638,doc148@iith.ac.in,82
Kelly Walker,CARDIOLOGY,DOCTOR,3,9870431941,doc149@iith.ac.in,1
John Watson,GYNECOLOGY,DOCTOR,2,9786583942,doc150@iith.ac.in,43
Dr. Joshua Mitchell,PULMONOLOGY,DOCTOR,4,8408060728,doc151@iith.ac.in,8
Frederick Preston,PEDIATRICS,DOCTOR,1,8044374600,doc152@iith.ac.in,47
Christina Larson,GENERAL MEDICINE,DOCTOR,2,6603489838,doc153@iith.ac.in,49
Christy Cabrera,NEUROLOGY,DOCTOR,2,7045135931,doc154@iith.ac.in,66
Gabriel Wu,ORTHOPEDICS,DOCTOR,2,6637650243,doc155@iith.ac.in,61
Nicole Navarro,CARDIOLOGY,DOCTOR,2,9303898665,doc156@iith.ac.in,85
Sherri Garcia,GYNECOLOGY,DOCTOR,1,6301245296,doc157@iith.ac.in,14
Kelsey Turner,PULMONOLOGY,DOCTOR,1,9919382776,doc158@iith.ac.in,78
Curtis Estrada,PEDIATRICS,DOCTOR,3,8645237398,doc159@iith.ac.in,60
Jessica Clark,GENERAL MEDICINE,DOCTOR,1,7999583288,doc160@iith.ac.in,49
Gilbert Harper,NEUROLOGY,DOCTOR,2,7780053352,doc161@iith.ac.in,93
Luis Pena,ORTHOPEDICS,DOCTOR,2,9836636379,doc162@iith.ac.in,32
Kristin Sandoval,CARDIOLOGY,DOCTOR,2,8492291057,doc163@iith.ac.in,46
Kerry Roberson,GYNECOLOGY,DOCTOR,1,7017831103,doc164@iith.ac.in,73
Jerry Nelson,PULMONOLOGY,DOCTOR,2,8583779420,doc165@iith.ac.in,35
Casey Baker,PEDIATRICS,DOCTOR,5,6608640859,doc166@iith.ac.in,9
Angela Obrien,GENERAL MEDICINE,DOCTOR,5,6305477615,doc167@iith.ac.in,55
Shannon Hancock,NEUROLOGY,DOCTOR,3,9592641645,doc168@iith.ac.in,5
Brianna Jordan,ORTHOPEDICS,DOCTOR,2,8148254032,doc169@iith.ac.in,15
Victor Frey,CARDIOLOGY,DOCTOR,3,7285140209,doc170@iith.ac.in,20
Scott Williams,GYNECOLOGY,DOCTOR,4,8454530936,doc171@iith.ac.in,4
Selena Lane MD,PULMONOLOGY,DOCTOR,3,8639142843,doc172@iith.ac.in,24
Lisa Henry,PEDIATRICS,DOCTOR,2,6460916600,doc173@iith.ac.in,10
Heather Little,GENERAL MEDICINE,DOCTOR,3,7116319791,doc174@iith.ac.in,39
James Peterson,NEUROLOGY,DOCTOR,4,9323350446,doc175@iith.ac.in,78
William Martinez,ORTHOPEDICS,DOCTOR,1,7091620388,doc176@iith.ac.in,83
Andrew Lutz DDS,CARDIOLOGY,DOCTOR,5,6557303574,doc177@iith.ac.in,15
Matthew Howard,GYNECOLOGY,DOCTOR,1,7428893816,doc178@iith.ac.in,85
Kayla Young,PULMONOLOGY,DOCTOR,2,8137095027,doc179@iith.ac.in,40
Daniel Taylor,PEDIATRICS,DOCTOR,4,7857277373,doc180@iith.ac.in,63
Jill Ramirez,GENERAL MEDICINE,DOCTOR,5,8140253733,doc181@iith.ac.in,21
Maria Bradshaw,NEUROLOGY,DOCTOR,3,8682634955,doc182@iith.ac.in,92
Richard Garcia,ORTHOPEDICS,DOCTOR,2,6232683047,doc183@iith.ac.in,5
Randall Bell,CARDIOLOGY,DOCTOR,4,9453402622,doc184@iith.ac.in,62
Nicholas Melton,GYNECOLOGY,DOCTOR,3,7031174217,doc185@iith.ac.in,93
Christopher Ayers,PULMONOLOGY,DOCTOR,5,7858263070,doc186@iith.ac.in,1
Sherri Johnston,PEDIATRICS,DOCTOR,4,6366910558,doc187@iith.ac.in,95
Laura Gilbert DDS,GENERAL MEDICINE,DOCTOR,3,9760907797,doc188@iith.ac.in,56
David Smith,NEUROLOGY,DOCTOR,2,7789731106,doc189@iith.ac.in,92
Ruth Butler,ORTHOPEDICS,DOCTOR,3,9168020750,doc190@iith.ac.in,20
Tony Barry,CARDIOLOGY,DOCTOR,5,8317992996,doc191@iith.ac.in,52
Jason Jones,GYNECOLOGY,DOCTOR,3,7456734517,doc192@iith.ac.in,48
Donald Moore,PULMONOLOGY,DOCTOR,5,7450522232,doc193@iith.ac.in,1
Elizabeth Ray,PEDIATRICS,DOCTOR,5,8234810854,doc194@iith.ac.in,34
Susan Taylor,GENERAL MEDICINE,DOCTOR,1,6569815993,doc195@iith.ac.in,0
Charles Goodwin,NEUROLOGY,DOCTOR,3,8672885452,doc196@iith.ac.in,24
Patrick Braun,ORTHOPEDICS,DOCTOR,2,9860628174,doc197@iith.ac.in,95
Cindy Hunt,CARDIOLOGY,DOCTOR,2,7464261314,doc198@iith.ac.in,33
Ashley Robertson,GYNECOLOGY,DOCTOR,1,6118019724,doc199@iith.ac.in,35
Jennifer White,PULMONOLOGY,DOCTOR,3,7561279842,doc200@iith.ac.in,96
Jacqueline Barnes,PEDIATRICS,DOCTOR,4,8394927441,doc201@iith.ac.in,63
Bridget Bender,GENERAL MEDICINE,DOCTOR,3,6594574466,doc202@iith.ac.in,86
Virginia Carter,NEUROLOGY,DOCTOR,5,8777598966,doc203@iith.ac.in,14
Martin Pierce,ORTHOPEDICS,DOCTOR,1,7347285340,doc204@iith.ac.in,6
Patrick Thomas,CARDIOLOGY,DOCTOR,5,7270033604,doc205@iith.ac.in,13
Lisa Curry,GYNECOLOGY,DOCTOR,1,6329881118,doc206@iith.ac.in,78
Michael Stewart,PULMONOLOGY,DOCTOR,4,6866610156,doc207@iith.ac.in,98
Christian Butler,PEDIATRICS,DOCTOR,1,8520252704,doc208@iith.ac.in,97
Jeffrey Brown,GENERAL MEDICINE,DOCTOR,1,9726224155,doc209@iith.ac.in,5
Peter Waters,NEUROLOGY,DOCTOR,2,6613396608,doc210@iith.ac.in,96
Jean Fry,ORTHOPEDICS,DOCTOR,2,7381945650,doc211@iith.ac.in,7
Jonathan Mitchell,CARDIOLOGY,DOCTOR,1,8670814245,doc212@iith.ac.in,17
Ruth Savage,GYNECOLOGY,DOCTOR,3,7915467948,doc213@iith.ac.in,44
Alexis Garcia,PULMONOLOGY,DOCTOR,2,9482083098,doc214@iith.ac.in,22
Stephanie Carey,PEDIATRICS,DOCTOR,5,9602930272,doc215@iith.ac.in,96
Valerie Wilson,GENERAL MEDICINE,DOCTOR,4,6925040683,doc216@iith.ac.in,61
Katherine Hubbard,NEUROLOGY,DOCTOR,3,6716848944,doc217@iith.ac.in,3
Erik Roth,ORTHOPEDICS,DOCTOR,2,9279223964,doc218@iith.ac.in,39
Victoria Reyes,CARDIOLOGY,DOCTOR,2,7190628298,doc219@iith.ac.in,51
David Orozco,GYNECOLOGY,DOCTOR,4,9820101254,doc220@iith.ac.in,41
Henry Nelson,PULMONOLOGY,DOCTOR,4,9710100623,doc221@iith.ac.in,77
Lisa Conrad,PEDIATRICS,DOCTOR,4,7075829352,doc222@iith.ac.in,83
James Porter,GENERAL MEDICINE,DOCTOR,5,6804427569,doc223@iith.ac.in,28
Belinda Eaton,NEUROLOGY,DOCTOR,4,6826602165,doc224@iith.ac.in,27
Meghan Evans,ORTHOPEDICS,DOCTOR,2,7324479391,doc225@iith.ac.in,17
Joseph Collins,CARDIOLOGY,DOCTOR,4,9965021339,doc226@iith.ac.in,23
Claudia Garcia,GYNECOLOGY,DOCTOR,1,7754673365,doc227@iith.ac.in,54
Christopher Patterson,PULMONOLOGY,DOCTOR,5,9461504768,doc228@iith.ac.in,59
Miranda Ruiz,PEDIATRICS,DOCTOR,5,8283205031,doc229@iith.ac.in,50
Michael Schaefer,GENERAL MEDICINE,DOCTOR,1,7357922906,doc230@iith.ac.in,71
David Miller,NEUROLOGY,DOCTOR,4,8017086911,doc231@iith.ac.in,22
Trevor White,ORTHOPEDICS,DOCTOR,1,9952231560,doc232@iith.ac.in,4
Mr. Ronald Gross MD,CARDIOLOGY,DOCTOR,2,9267648860,doc233@iith.ac.in,91
Randall Yang,GYNECOLOGY,DOCTOR,1,8848888666,doc234@iith.ac.in,96
John Compton,PULMONOLOGY,DOCTOR,5,6318452121,doc235@iith.ac.in,8
Alyssa West,PEDIATRICS,DOCTOR,1,9317904081,doc236@iith.ac.in,9
Kristen Wells,GENERAL MEDICINE,DOCTOR,5,8918827253,doc237@iith.ac.in,96
Beverly Davis,NEUROLOGY,DOCTOR,2,7557240674,doc238@iith.ac.in,53
James Tran,ORTHOPEDICS,DOCTOR,3,7082417697,doc239@iith.ac.in,43
Matthew Schneider PhD,CARDIOLOGY,DOCTOR,5,9198550071,doc240@iith.ac.in,12
Morgan Brown,GYNECOLOGY,DOCTOR,1,9422162117,doc241@iith.ac.in,59
Jorge Jimenez,PULMONOLOGY,DOCTOR,5,7017975114,doc242@iith.ac.in,0
Joseph Dixon,PEDIATRICS,DOCTOR,1,9679509684,doc243@iith.ac.in,79
Marcus Baker,GENERAL MEDICINE,DOCTOR,3,9084977591,doc244@iith.ac.in,65
Deborah Yoder,NEUROLOGY,DOCTOR,4,8769697849,doc245@iith.ac.in,30
Paige Patrick,ORTHOPEDICS,NURSE,2,8614226603,nur0@iith.ac.in,34
Wendy Castillo,CARDIOLOGY,NURSE,1,9976060244,nur1@iith.ac.in,83
Beth Clark,GYNECOLOGY,NURSE,3,6830453966,nur2@iith.ac.in,47
Joshua Higgins,PULMONOLOGY,NURSE,3,9748401691,nur3@iith.ac.in,81
Amanda Kline,PEDIATRICS,NURSE,2,7588481301,nur4@iith.ac.in,76
Alyssa Moore,GENERAL MEDICINE,NURSE,1,9510065799,nur5@iith.ac.in,55
William Bradley,NEUROLOGY,NURSE,5,7490004830,nur6@iith.ac.in,11
Steven Cummings,ORTHOPEDICS,NURSE,1,8053655353,nur7@iith.ac.in,14
David Wright DDS,CARDIOLOGY,NURSE,1,7876479527,nur8@iith.ac.in,63
Troy Harris,GYNECOLOGY,NURSE,3,7742596701,nur9@iith.ac.in,25
Nathan Page,PULMONOLOGY,NURSE,3,7823796249,nur10@iith.ac.in,25
Felicia Mcdaniel,PEDIATRICS,NURSE,4,9872764804,nur11@iith.ac.in,95
Sherry Smith,GENERAL MEDICINE,NURSE,3,6745243789,nur12@iith.ac.in,86
Tonya Vazquez,NEUROLOGY,NURSE,1,9762661726,nur13@iith.ac.in,39
Laura Krause,ORTHOPEDICS,NURSE,3,9645978998,nur14@iith.ac.in,61
Grace Williams,CARDIOLOGY,NURSE,3,7544895843,nur15@iith.ac.in,20
Adam Burton,GYNECOLOGY,NURSE,2,6659790498,nur16@iith.ac.in,5
Jason Novak,PULMONOLOGY,NURSE,5,6026863923,nur17@iith.ac.in,47
Sheila Mueller,PEDIATRICS,NURSE,1,7612032647,nur18@iith.ac.in,60
Jennifer Hernandez,GENERAL MEDICINE,NURSE,4,6740855813,nur19@iith.ac.in,84
David Simpson,NEUROLOGY,NURSE,2,7485556638,nur20@iith.ac.in,35
Kelly Combs,ORTHOPEDICS,NURSE,1,7958162855,nur21@iith.ac.in,58
Mark Simmons,CARDIOLOGY,NURSE,2,9878017783,nur22@iith.ac.in,46
Erica Rivas,GYNECOLOGY,NURSE,2,7676840347,nur23@iith.ac.in,10
Zachary Allen,PULMONOLOGY,NURSE,5,8710391324,nur24@iith.ac.in,92
John Miller,PEDIATRICS,NURSE,3,7697639012,nur25@iith.ac.in,90
Lisa Gallagher,GENERAL MEDICINE,NURSE,5,8257353708,nur26@iith.ac.in,93
Heather Richardson,NEUROLOGY,NURSE,3,6277629340,nur27@iith.ac.in,53
Ricky Edwards,ORTHOPEDICS,NURSE,4,8755804283,nur28@iith.ac.in,23
John Marquez,CARDIOLOGY,NURSE,3,8875067649,nur29@iith.ac.in,68
Nicole Rollins,GYNECOLOGY,NURSE,5,7251830580,nur30@iith.ac.in,78
Sheila Blevins,PULMONOLOGY,NURSE,4,8996793607,nur31@iith.ac.in,58
Kathryn Sanchez,PEDIATRICS,NURSE,3,7713542705,nur32@iith.ac.in,56
Beth Davenport,GENERAL MEDICINE,NURSE,2,7534400199,nur33@iith.ac.in,4
Jasmine Peterson,NEUROLOGY,NURSE,2,8294781082,nur34@iith.ac.in,73
Mary Cooke,ORTHOPEDICS,NURSE,5,7858309621,nur35@iith.ac.in,30
Jo Lynn,CARDIOLOGY,NURSE,4,9794630466,nur36@iith.ac.in,62
Paige Wallace,GYNECOLOGY,NURSE,5,9226035363,nur37@iith.ac.in,75
Maureen Adkins,PULMONOLOGY,NURSE,5,8343717903,nur38@iith.ac.in,71
Antonio Williams,PEDIATRICS,NURSE,4,6078378789,nur39@iith.ac.in,55
Troy Barry,GENERAL MEDICINE,NURSE,1,9254173319,nur40@iith.ac.in,37
Leslie Johnson,NEUROLOGY,NURSE,5,6965463196,nur41@iith.ac.in,38
Rachel Castro,ORTHOPEDICS,NURSE,5,6315621469,nur42@iith.ac.in,59
Alan Lambert,CARDIOLOGY,NURSE,3,7288709536,nur43@iith.ac.in,94
Amy Silva,GYNECOLOGY,NURSE,3,7870365788,nur44@iith.ac.in,39
Virginia Oliver,PULMONOLOGY,NURSE,1,9388277723,nur45@iith.ac.in,63
Autumn Sutton,PEDIATRICS,NURSE,4,7661723585,nur46@iith.ac.in,4
Tammy Estrada,GENERAL MEDICINE,NURSE,2,6556730961,nur47@iith.ac.in,69
Diane Day,NEUROLOGY,NURSE,4,6311234743,nur48@iith.ac.in,6
Judy Larson,ORTHOPEDICS,NURSE,2,6324182203,nur49@iith.ac.in,65
Paige Burke,CARDIOLOGY,NURSE,5,7011194337,nur50@iith.ac.in,51
Daniel Mcbride,GYNECOLOGY,NURSE,3,6953361650,nur51@iith.ac.in,19
Zachary Swanson,PULMONOLOGY,NURSE,2,8527145185,nur52@iith.ac.in,23
Christopher Coleman,PEDIATRICS,NURSE,4,6630318846,nur53@iith.ac.in,96
Christopher Brown,GENERAL MEDICINE,NURSE,1,8703868122,nur54@iith.ac.in,31
Antonio Freeman,NEUROLOGY,NURSE,4,8590730192,nur55@iith.ac.in,76
Melissa Garza,ORTHOPEDICS,NURSE,3,9861942252,nur56@iith.ac.in,24
Preston Cole,CARDIOLOGY,NURSE,3,8644860165,nur57@iith.ac.in,58
Sarah Castillo,GYNECOLOGY,NURSE,3,7415596250,nur58@iith.ac.in,19
William Johnson,PULMONOLOGY,NURSE,4,8160911048,nur59@iith.ac.in,4
Matthew Petty,PEDIATRICS,NURSE,4,6935670899,nur60@iith.ac.in,61
Ryan Wilson,GENERAL MEDICINE,NURSE,2,7013070024,nur61@iith.ac.in,65
Michael Lawson,NEUROLOGY,NURSE,5,7131861773,nur62@iith.ac.in,6
Charles Mitchell,ORTHOPEDICS,NURSE,5,9454774247,nur63@iith.ac.in,78
Victoria Hester,CARDIOLOGY,NURSE,3,9842204423,nur64@iith.ac.in,42
Heather Bradley,GYNECOLOGY,NURSE,3,7267221502,nur65@iith.ac.in,38
Samuel Kline,PULMONOLOGY,NURSE,5,9666295866,nur66@iith.ac.in,67
John Mitchell Jr.,PEDIATRICS,NURSE,3,6451784595,nur67@iith.ac.in,85
Robert Taylor,GENERAL MEDICINE,NURSE,5,7913858640,nur68@iith.ac.in,80
Kaitlyn Sims,NEUROLOGY,NURSE,4,8358403324,nur69@iith.ac.in,10
Joan Carlson,ORTHOPEDICS,NURSE,3,6488406293,nur70@iith.ac.in,39
Jason Lambert,CARDIOLOGY,NURSE,2,8546258556,nur71@iith.ac.in,61
Paul Meyer,GYNECOLOGY,NURSE,5,6738388559,nur72@iith.ac.in,29
Julia Gutierrez,PULMONOLOGY,NURSE,4,6136498062,nur73@iith.ac.in,35
Katherine Cox,PEDIATRICS,NURSE,3,7260424169,nur74@iith.ac.in,88
Christopher Scott,GENERAL MEDICINE,STAFF,4,6800056303,stf0@iith.ac.in,70
Aaron Blake,NEUROLOGY,STAFF,3,9065956764,stf1@iith.ac.in,37
Derek Brown,ORTHOPEDICS,STAFF,3,8448748800,stf2@iith.ac.in,100
Samuel Weeks,CARDIOLOGY,STAFF,4,8271801446,stf3@iith.ac.in,28
April Richardson,GYNECOLOGY,STAFF,5,8596266511,stf4@iith.ac.in,52
Megan Price,PULMONOLOGY,STAFF,4,7886397269,stf5@iith.ac.in,10
Michael Martinez,PEDIATRICS,STAFF,5,8667698964,stf6@iith.ac.in,44
Ricky Evans,GENERAL MEDICINE,STAFF,2,6886997030,stf7@iith.ac.in,11
Russell Young,NEUROLOGY,STAFF,2,7226964427,stf8@iith.ac.in,50
Jessica Levy,ORTHOPEDICS,STAFF,1,7998704160,stf9@iith.ac.in,53
Matthew Hernandez,CARDIOLOGY,STAFF,1,7203874514,stf10@iith.ac.in,83
Chad Owens,GYNECOLOGY,STAFF,5,7122010463,stf11@iith.ac.in,71
Julia Phillips,PULMONOLOGY,STAFF,2,6004311513,stf12@iith.ac.in,92
Louis Ross,PEDIATRICS,STAFF,3,6981132904,stf13@iith.ac.in,45
Elizabeth Wiggins,GENERAL MEDICINE,STAFF,5,9943821033,stf14@iith.ac.in,64
Jennifer Rodriguez,NEUROLOGY,STAFF,5,9597673896,stf15@iith.ac.in,75
Jenna Davis,ORTHOPEDICS,STAFF,1,6710014949,stf16@iith.ac.in,32
Ashley Higgins,CARDIOLOGY,STAFF,5,9906285596,stf17@iith.ac.in,57
Robyn Walker,GYNECOLOGY,STAFF,1,6858864209,stf18@iith.ac.in,9
Travis Baker,PULMONOLOGY,STAFF,5,9352810545,stf19@iith.ac.in,13
Michelle Brown,PEDIATRICS,STAFF,5,8458790323,stf20@iith.ac.in,28
Judy Powers,GENERAL MEDICINE,STAFF,5,7543918675,stf21@iith.ac.in,30
Tanya Frey,NEUROLOGY,STAFF,2,7236304581,stf22@iith.ac.in,35
David Wilson,ORTHOPEDICS,STAFF,4,8868457969,stf23@iith.ac.in,96
Spencer Turner,CARDIOLOGY,STAFF,1,6359622302,stf24@iith.ac.in,40
Megan Mclean,GYNECOLOGY,STAFF,3,9020101802,stf25@iith.ac.in,78
Marie Rodriguez,PULMONOLOGY,STAFF,3,7470519084,stf26@iith.ac.in,8
Thomas Jordan,PEDIATRICS,STAFF,3,6952806454,stf27@iith.ac.in,13
Brian Williams,GENERAL MEDICINE,STAFF,1,6705282025,stf28@iith.ac.in,74
Caroline Decker,NEUROLOGY,STAFF,5,8312648730,stf29@iith.ac.in,57
Timothy Hall,ORTHOPEDICS,STAFF,4,6960522668,stf30@iith.ac.in,75
Michael Beck,CARDIOLOGY,STAFF,3,8353846262,stf31@iith.ac.in,36
Joseph Dillon,GYNECOLOGY,STAFF,4,8317090943,stf32@iith.ac.in,84
Amanda Higgins,PULMONOLOGY,STAFF,2,7738451575,stf33@iith.ac.in,60
Samantha Alexander,PEDIATRICS,STAFF,2,6049845379,stf34@iith.ac.in,40
Samantha Mason,GENERAL MEDICINE,STAFF,4,8318230058,stf35@iith.ac.in,20
Jeffrey Palmer,NEUROLOGY,STAFF,3,9713477787,stf36@iith.ac.in,61
Matthew Cook,ORTHOPEDICS,STAFF,2,8438995207,stf37@iith.ac.in,46
Julie Stark,CARDIOLOGY,STAFF,4,8250923559,stf38@iith.ac.in,72
Claudia Pham,GYNECOLOGY,STAFF,1,7643556247,stf39@iith.ac.in,40
Justin Perez,PULMONOLOGY,STAFF,4,8439397996,stf40@iith.ac.in,73
Derrick Orr,PEDIATRICS,STAFF,3,7662929343,stf41@iith.ac.in,87
Kyle James,GENERAL MEDICINE,STAFF,3,6493935730,stf42@iith.ac.in,56
Kimberly Carter,NEUROLOGY,STAFF,4,6724621284,stf43@iith.ac.in,67
Molly Hanson,ORTHOPEDICS,STAFF,5,6319425565,stf44@iith.ac.in,96
Todd Nichols,CARDIOLOGY,STAFF,1,8999768952,stf45@iith.ac.in,78
Seth James,GYNECOLOGY,STAFF,3,9559668463,stf46@iith.ac.in,54
Wayne Norris,PULMONOLOGY,STAFF,2,9564903472,stf47@iith.ac.in,24
Frank Stanton,PEDIATRICS,STAFF,5,7885760011,stf48@iith.ac.in,67
Stephanie Peterson,GENERAL MEDICINE,STAFF,1,8188270646,stf49@iith.ac.in,33
Shannon Washington,NEUROLOGY,STAFF,5,8822656077,stf50@iith.ac.in,68
Renee Garcia,ORTHOPEDICS,STAFF,4,7300397925,stf51@iith.ac.in,90
Nicole Stuart,CARDIOLOGY,STAFF,2,9919045050,stf52@iith.ac.in,1
Jacob Adams,GYNECOLOGY,STAFF,1,6521988947,stf53@iith.ac.in,5
Michael Smith,PULMONOLOGY,STAFF,1,8700417584,stf54@iith.ac.in,42
Miranda Smith,PEDIATRICS,STAFF,1,9540962321,stf55@iith.ac.in,43
Jessica Johnson,GENERAL MEDICINE,STAFF,4,8528416718,stf56@iith.ac.in,71
Angela Miller,NEUROLOGY,STAFF,4,9283592584,stf57@iith.ac.in,17
Robert Jones,ORTHOPEDICS,STAFF,5,6459883293,stf58@iith.ac.in,65
Kimberly Leblanc,CARDIOLOGY,STAFF,4,6937524669,stf59@iith.ac.in,31
Tiffany Rogers,GYNECOLOGY,STAFF,3,6580672101,stf60@iith.ac.in,6
Andrew Ramos,PULMONOLOGY,STAFF,3,8838014103,stf61@iith.ac.in,13
Patricia Berger,PEDIATRICS,STAFF,5,7866932887,stf62@iith.ac.in,61
Courtney Howard,GENERAL MEDICINE,STAFF,5,9544867073,stf63@iith.ac.in,70
Ashley Vaughan,NEUROLOGY,STAFF,2,7487852839,stf64@iith.ac.in,8
Laura Carter,ORTHOPEDICS,STAFF,4,6311860021,stf65@iith.ac.in,77
William Campbell,CARDIOLOGY,STAFF,3,8922223506,stf66@iith.ac.in,76
Krista Harris,GYNECOLOGY,STAFF,5,9064746195,stf67@iith.ac.in,80
Andre Griffin,PULMONOLOGY,STAFF,5,8383584895,stf68@iith.ac.in,91
Leslie Walker,PEDIATRICS,STAFF,5,8140942851,stf69@iith.ac.in,28
Anthony Hall,GENERAL MEDICINE,STAFF,5,9597795099,stf70@iith.ac.in,70
John Randall,NEUROLOGY,STAFF,4,9536740819,stf71@iith.ac.in,6
Cody Fields,ORTHOPEDICS,STAFF,2,6117955259,stf72@iith.ac.in,5
Thomas Williams,CARDIOLOGY,STAFF,2,9179686530,stf73@iith.ac.in,41
Matthew Miller,GYNECOLOGY,STAFF,4,8569212416,stf74@iith.ac.in,86
Stephen Reyes,PULMONOLOGY,STAFF,4,6219625759,stf75@iith.ac.in,45
Stacie Allen,PEDIATRICS,STAFF,1,8182517123,stf76@iith.ac.in,39
Thomas Bishop,GENERAL MEDICINE,STAFF,3,7810484227,stf77@iith.ac.in,62
Katrina Schwartz,NEUROLOGY,STAFF,3,9072068983,stf78@iith.ac.in,98
Kelsey Robinson,ORTHOPEDICS,STAFF,1,8958188785,stf79@iith.ac.in,22
Robert Beck,CARDIOLOGY,STAFF,1,7946791045,stf80@iith.ac.in,58
Traci Lopez,GYNECOLOGY,STAFF,5,7545488293,stf81@iith.ac.in,75
Tina Small,PULMONOLOGY,STAFF,2,9101406283,stf82@iith.ac.in,85
Sabrina Alvarado,PEDIATRICS,STAFF,1,9153144877,stf83@iith.ac.in,52
David Nguyen,GENERAL MEDICINE,STAFF,1,7063254257,stf84@iith.ac.in,8
Jeremy Francis,NEUROLOGY,STAFF,3,8388815335,stf85@iith.ac.in,33
Michele Ferguson,ORTHOPEDICS,STAFF,4,8027704756,stf86@iith.ac.in,35
Tricia Ochoa,CARDIOLOGY,STAFF,4,9428196587,stf87@iith.ac.in,11
Samantha Stephens,GYNECOLOGY,STAFF,3,8344688813,stf88@iith.ac.in,84
Randall Wheeler,PULMONOLOGY,STAFF,5,6359061729,stf89@iith.ac.in,94
Kenneth Buckley,PEDIATRICS,STAFF,2,8949648536,stf90@iith.ac.in,54
Victoria Byrd,GENERAL MEDICINE,STAFF,3,8806272026,stf91@iith.ac.in,71
Robert Smith,NEUROLOGY,STAFF,5,9748645734,stf92@iith.ac.in,63
James Nichols,ORTHOPEDICS,STAFF,5,7179866536,stf93@iith.ac.in,20
Katrina Alvarez,CARDIOLOGY,STAFF,1,8621257262,stf94@iith.ac.in,28
Taylor Pennington,GYNECOLOGY,STAFF,5,9881401099,stf95@iith.ac.in,44
Kim Brown,PULMONOLOGY,STAFF,3,7439207464,stf96@iith.ac.in,43
Taylor Campos,PEDIATRICS,STAFF,4,7701102696,stf97@iith.ac.in,22
Gabriel Valdez,GENERAL MEDICINE,STAFF,3,8765738271,stf98@iith.ac.in,57
Jeanette Huynh,NEUROLOGY,STAFF,1,8759350079,stf99@iith.ac.in,62
Andrew Boyd,ORTHOPEDICS,STAFF,1,8577416111,stf100@iith.ac.in,16
Sandra Flores,CARDIOLOGY,STAFF,1,9418006487,stf101@iith.ac.in,79
Scott James,GYNECOLOGY,STAFF,3,8684329647,stf102@iith.ac.in,90
Thomas Garza,PULMONOLOGY,STAFF,3,8479637128,stf103@iith.ac.in,36
Kelly Murphy,PEDIATRICS,STAFF,1,6097415874,stf104@iith.ac.in,52
Kimberly Michael,GENERAL MEDICINE,STAFF,4,7481682714,stf105@iith.ac.in,93
Elizabeth Holder,NEUROLOGY,STAFF,4,9859636169,stf106@iith.ac.in,86
Maria Armstrong,ORTHOPEDICS,STAFF,2,9337699779,stf107@iith.ac.in,79
Samuel Jenkins,CARDIOLOGY,STAFF,1,8070266594,stf108@iith.ac.in,76
Emily Stephenson,GYNECOLOGY,STAFF,1,9169699773,stf109@iith.ac.in,77
Stephen Jones,PULMONOLOGY,STAFF,5,8093421809,stf110@iith.ac.in,50
Aaron Hughes,PEDIATRICS,STAFF,2,7691984269,stf111@iith.ac.in,7
Tina Snyder,GENERAL MEDICINE,STAFF,3,6999617216,stf112@iith.ac.in,63
Maurice Cooper,NEUROLOGY,STAFF,4,6847618103,stf113@iith.ac.in,100
Janice Houston,ORTHOPEDICS,STAFF,3,6650378561,stf114@iith.ac.in,7
Gordon Taylor MD,CARDIOLOGY,STAFF,5,6568535979,stf115@iith.ac.in,21
Wendy Baker,GYNECOLOGY,STAFF,2,9018965385,stf116@iith.ac.in,47
Alexis Peterson,PULMONOLOGY,STAFF,5,6104282273,stf117@iith.ac.in,10
Sarah Mendoza,PEDIATRICS,STAFF,4,6512602400,stf118@iith.ac.in,2
Brent Peterson,GENERAL MEDICINE,STAFF,4,7996984659,stf119@iith.ac.in,8
Mario Coleman,NEUROLOGY,STAFF,2,9489340999,stf120@iith.ac.in,37
Kimberly Schmidt,ORTHOPEDICS,STAFF,4,8236502201,stf121@iith.ac.in,13
Patrick Pierce,CARDIOLOGY,STAFF,1,8762824979,stf122@iith.ac.in,80
Amy Hernandez,GYNECOLOGY,STAFF,5,7738004816,stf123@iith.ac.in,65
Michael Payne,PULMONOLOGY,STAFF,5,8951974178,stf124@iith.ac.in,2
Kathleen Barnes,PEDIATRICS,STAFF,5,7413140661,stf125@iith.ac.in,47
Tommy Ellis,GENERAL MEDICINE,STAFF,1,9380401103,stf126@iith.ac.in,4
Jason Hurst,NEUROLOGY,STAFF,5,9353920545,stf127@iith.ac.in,70
Amber Montoya,ORTHOPEDICS,STAFF,1,7013408666,stf128@iith.ac.in,54
Gregory Mcdonald,CARDIOLOGY,STAFF,2,6949192563,stf129@iith.ac.in,95
Lori Garrett,GYNECOLOGY,STAFF,4,7320804204,stf130@iith.ac.in,89
Kevin Powell,PULMONOLOGY,STAFF,4,6439009628,stf131@iith.ac.in,29
Jamie Munoz,PEDIATRICS,STAFF,4,7213053857,stf132@iith.ac.in,74
Pamela Miller,GENERAL MEDICINE,STAFF,5,7551040195,stf133@iith.ac.in,81
Ashley Gomez,NEUROLOGY,STAFF,5,8039347739,stf134@iith.ac.in,6
Courtney Hamilton,ORTHOPEDICS,STAFF,3,8620825254,stf135@iith.ac.in,13
George Harding,CARDIOLOGY,STAFF,2,9913442491,stf136@iith.ac.in,73
Jennifer Thompson,GYNECOLOGY,STAFF,4,6084494955,stf137@iith.ac.in,3
Chloe Hancock,PULMONOLOGY,STAFF,1,6212537999,stf138@iith.ac.in,18
Ashley Hudson,PEDIATRICS,STAFF,5,7461878779,stf139@iith.ac.in,49
Christopher Espinoza,GENERAL MEDICINE,STAFF,5,6305221356,stf140@iith.ac.in,85
Steven Nicholson MD,NEUROLOGY,STAFF,4,6487350658,stf141@iith.ac.in,90
Stephen Wells,ORTHOPEDICS,STAFF,5,6793951526,stf142@iith.ac.in,45
Katherine Wilkinson,CARDIOLOGY,STAFF,1,9061402822,stf143@iith.ac.in,72
Kevin Fernandez,GYNECOLOGY,STAFF,3,9882771033,stf144@iith.ac.in,36
Tracy Dawson,PULMONOLOGY,STAFF,2,8682815396,stf145@iith.ac.in,65
Kimberly Wood,PEDIATRICS,STAFF,2,7301836833,stf146@iith.ac.in,89
Matthew Long,GENERAL MEDICINE,STAFF,2,6493648186,stf147@iith.ac.in,27
Rachel Young,NEUROLOGY,STAFF,2,8853257623,stf148@iith.ac.in,81
Kyle Ramsey,ORTHOPEDICS,STAFF,4,7239942837,stf149@iith.ac.in,43
Derrick Smith,CARDIOLOGY,STAFF,2,7714945691,stf150@iith.ac.in,61
Cassandra Baker,GYNECOLOGY,STAFF,5,8616761473,stf151@iith.ac.in,63
Jacob Cox,PULMONOLOGY,STAFF,1,8528033121,stf152@iith.ac.in,72
Janice Schultz,PEDIATRICS,STAFF,5,6077299980,stf153@iith.ac.in,87
Daniel Bernard,GENERAL MEDICINE,STAFF,2,9338034881,stf154@iith.ac.in,40
Deanna Johnson,NEUROLOGY,STAFF,4,9386138158,stf155@iith.ac.in,30
Nicole Ferguson,ORTHOPEDICS,STAFF,3,6292884849,stf156@iith.ac.in,53
Sara Jones,CARDIOLOGY,STAFF,3,6467734129,stf157@iith.ac.in,49
Karen Barber,GYNECOLOGY,STAFF,5,9496866906,stf158@iith.ac.in,55
Erica Rice,PULMONOLOGY,STAFF,5,7923971501,stf159@iith.ac.in,96
Nicole Willis,PEDIATRICS,STAFF,1,6460436407,stf160@iith.ac.in,21
James Case,GENERAL MEDICINE,STAFF,1,8334135400,stf161@iith.ac.in,82
John Phillips,NEUROLOGY,STAFF,3,8461906300,stf162@iith.ac.in,25
Leah Wheeler,ORTHOPEDICS,STAFF,2,8782595472,stf163@iith.ac.in,19
Toni Owens,CARDIOLOGY,DOCTOR,1,8896589975,dor246@iith.ac.in,87
Rickey Carson,GYNECOLOGY,DOCTOR,4,8383935230,dor247@iith.ac.in,5
Steven Baker,PULMONOLOGY,DOCTOR,1,9985466730,dor248@iith.ac.in,47
Stephen Kirk,PEDIATRICS,DOCTOR,2,9903595797,dor249@iith.ac.in,82
Christopher Mcclure,GENERAL MEDICINE,DOCTOR,4,7047469395,dor250@iith.ac.in,19
Joe Medina,NEUROLOGY,DOCTOR,5,9898448996,dor251@iith.ac.in,96
Cheyenne Singh,ORTHOPEDICS,DOCTOR,4,6207975272,dor252@iith.ac.in,42
Jamie Sanders,CARDIOLOGY,DOCTOR,5,9921175848,dor253@iith.ac.in,62
Gina Anderson,GYNECOLOGY,DOCTOR,2,6020695756,dor254@iith.ac.in,86
Alison Jackson,PULMONOLOGY,DOCTOR,4,7367433258,dor255@iith.ac.in,79
Jennifer Gaines,PEDIATRICS,DOCTOR,1,7143759919,dor256@iith.ac.in,87
Shawn Finley,GENERAL MEDICINE,DOCTOR,3,8555255745,dor257@iith.ac.in,49
Tara Garcia,NEUROLOGY,DOCTOR,5,9223246151,dor258@iith.ac.in,33
Robin Walker,ORTHOPEDICS,DOCTOR,1,8946929098,dor259@iith.ac.in,24
Philip Lewis,CARDIOLOGY,DOCTOR,3,9013093644,dor260@iith.ac.in,40
Meredith Oconnor,GYNECOLOGY,DOCTOR,5,6482176017,dor261@iith.ac.in,13
Jason Quinn,PULMONOLOGY,DOCTOR,2,6768363396,dor262@iith.ac.in,96
David Davis,PEDIATRICS,DOCTOR,4,8638436092,dor263@iith.ac.in,89
Tiffany Wilson,GENERAL MEDICINE,DOCTOR,1,8203841947,dor264@iith.ac.in,1
Jesse David,NEUROLOGY,DOCTOR,4,6980510608,dor265@iith.ac.in,71
Michael Carroll MD,ORTHOPEDICS,DOCTOR,4,6284623111,dor266@iith.ac.in,14
Lawrence Mullen,CARDIOLOGY,DOCTOR,5,6782647077,dor267@iith.ac.in,21
Melody Simmons,GYNECOLOGY,DOCTOR,5,8980634381,dor268@iith.ac.in,43
Robert Boyer,PULMONOLOGY,DOCTOR,5,8911445282,dor269@iith.ac.in,87
Amy Garcia,PEDIATRICS,DOCTOR,5,6321137860,dor270@iith.ac.in,50
Robert Miller,GENERAL MEDICINE,DOCTOR,4,8174887746,dor271@iith.ac.in,75
Stacey Nguyen,NEUROLOGY,DOCTOR,1,7949366014,dor272@iith.ac.in,72
William Sanchez,ORTHOPEDICS,DOCTOR,1,7117708664,dor273@iith.ac.in,47
Sandra Rosales,CARDIOLOGY,DOCTOR,1,8547100382,dor274@iith.ac.in,49
Austin Farley,GYNECOLOGY,DOCTOR,3,8771305329,dor275@iith.ac.in,53
Gail Romero,PULMONOLOGY,DOCTOR,5,8683665064,dor276@iith.ac.in,55
Eric Sanchez,PEDIATRICS,DOCTOR,1,8064147459,dor277@iith.ac.in,60
Nicole White,GENERAL MEDICINE,DOCTOR,2,6521768570,dor278@iith.ac.in,67
James Mullins,NEUROLOGY,DOCTOR,1,7705293600,dor279@iith.ac.in,89
Dana Hicks,ORTHOPEDICS,DOCTOR,4,9008014972,dor280@iith.ac.in,95
Regina Mccoy,CARDIOLOGY,DOCTOR,1,8168115968,dor281@iith.ac.in,33
Jennifer Morris,GYNECOLOGY,DOCTOR,3,8364529128,dor282@iith.ac.in,9
Ashley Harrison,PULMONOLOGY,DOCTOR,2,6640828603,dor283@iith.ac.in,43
Cameron Hernandez,PEDIATRICS,DOCTOR,1,8931657219,dor284@iith.ac.in,43
Michelle Rodriguez,GENERAL MEDICINE,DOCTOR,1,6099420941,dor285@iith.ac.in,76
Chad Mclaughlin,NEUROLOGY,DOCTOR,5,8629768985,dor286@iith.ac.in,40
Megan Munoz,ORTHOPEDICS,DOCTOR,3,7702102549,dor287@iith.ac.in,65
Joel Johnson,CARDIOLOGY,DOCTOR,1,6043459749,dor288@iith.ac.in,32
Bryan Fleming,GYNECOLOGY,DOCTOR,1,9468460327,dor289@iith.ac.in,17
Justin Le,PULMONOLOGY,DOCTOR,4,6056110581,dor290@iith.ac.in,47
Jacob Miller,PEDIATRICS,DOCTOR,4,7807944973,dor291@iith.ac.in,18
Hannah Wright,GENERAL MEDICINE,DOCTOR,5,9400344942,dor292@iith.ac.in,98
Thomas Prince,NEUROLOGY,DOCTOR,4,7044271074,dor293@iith.ac.in,17
Bryan Kelly DDS,ORTHOPEDICS,DOCTOR,1,9427374987,dor294@iith.ac.in,24
Gary Young,CARDIOLOGY,DOCTOR,5,8772918855,dor295@iith.ac.in,2
Gail Mcdowell,GYNECOLOGY,DOCTOR,5,9593435669,dor296@iith.ac.in,100
Ms. Rachel Jimenez,PULMONOLOGY,DOCTOR,4,8536407183,dor297@iith.ac.in,11
Leah Hunter DVM,PEDIATRICS,DOCTOR,2,6588191521,dor298@iith.ac.in,33
Christopher Moore,GENERAL MEDICINE,DOCTOR,1,6553312540,dor299@iith.ac.in,74
Scott Robinson,NEUROLOGY,DOCTOR,1,9324035200,dor300@iith.ac.in,10
Jon Hamilton,ORTHOPEDICS,DOCTOR,5,6464383596,dor301@iith.ac.in,94
Kimberly Kline,CARDIOLOGY,DOCTOR,2,8556215348,dor302@iith.ac.in,88
Pamela Hogan,GYNECOLOGY,DOCTOR,3,9469181239,dor303@iith.ac.in,7
Jessica Barnes,PULMONOLOGY,DOCTOR,3,6825501586,dor304@iith.ac.in,51
Haley Miller,PEDIATRICS,DOCTOR,1,8642772864,dor305@iith.ac.in,73
Shawn Morris,GENERAL MEDICINE,DOCTOR,2,8064576626,dor306@iith.ac.in,30
Yvonne Moran,NEUROLOGY,DOCTOR,1,9456333191,dor307@iith.ac.in,20
Gregory Turner,ORTHOPEDICS,DOCTOR,4,6299381668,dor308@iith.ac.in,27
Jacob Long,CARDIOLOGY,DOCTOR,5,9136306487,dor309@iith.ac.in,89
Stacy Simmons,GYNECOLOGY,DOCTOR,1,9744982919,dor310@iith.ac.in,5
Jamie Martinez,PULMONOLOGY,DOCTOR,1,9523591052,dor311@iith.ac.in,5
Christina Miller,PEDIATRICS,DOCTOR,5,6821999499,dor312@iith.ac.in,86
Zachary King,GENERAL MEDICINE,DOCTOR,4,9134989615,dor313@iith.ac.in,2
Sean Grant,NEUROLOGY,DOCTOR,5,9687481150,dor314@iith.ac.in,31
Scott Hunter,ORTHOPEDICS,DOCTOR,2,6107145600,dor315@iith.ac.in,67
Taylor Smith,CARDIOLOGY,DOCTOR,3,6828201245,dor316@iith.ac.in,92
Gabrielle Dennis,GYNECOLOGY,DOCTOR,3,6144225734,dor317@iith.ac.in,54
Jennifer Shaw,PULMONOLOGY,DOCTOR,1,6205790742,dor318@iith.ac.in,84
Dustin Mccormick,PEDIATRICS,DOCTOR,1,9680794692,dor319@iith.ac.in,6
Jennifer Brown,GENERAL MEDICINE,DOCTOR,3,9082356208,dor320@iith.ac.in,62
Francisco Sandoval,NEUROLOGY,DOCTOR,3,6987211673,dor321@iith.ac.in,53
Lisa Martin,ORTHOPEDICS,DOCTOR,3,6335914282,dor322@iith.ac.in,43
Isabel Armstrong,CARDIOLOGY,DOCTOR,4,7026496728,dor323@iith.ac.in,61
Anthony Snyder Jr.,GYNECOLOGY,DOCTOR,2,6102150247,dor324@iith.ac.in,77
Dr. Jason Davis,PULMONOLOGY,DOCTOR,5,7681391804,dor325@iith.ac.in,67
Misty Johnson,PEDIATRICS,DOCTOR,5,7532416987,dor326@iith.ac.in,46
Aaron Williams,GENERAL MEDICINE,DOCTOR,4,6539195009,dor327@iith.ac.in,39
Margaret Foster,NEUROLOGY,DOCTOR,5,6097005901,dor328@iith.ac.in,44
Leslie Rogers,ORTHOPEDICS,DOCTOR,3,6269125375,dor329@iith.ac.in,68
Samantha Johnson,CARDIOLOGY,DOCTOR,2,8174244422,dor330@iith.ac.in,44
Michael Joseph,GYNECOLOGY,DOCTOR,3,8596366953,dor331@iith.ac.in,16
Mary Williams,PULMONOLOGY,DOCTOR,4,9304812424,dor332@iith.ac.in,90
Chelsea Zhang,PEDIATRICS,DOCTOR,5,6902938160,dor333@iith.ac.in,92
Daniel Aguirre,GENERAL MEDICINE,DOCTOR,1,9842986071,dor334@iith.ac.in,100
Jason Everett,NEUROLOGY,DOCTOR,3,7896494079,dor335@iith.ac.in,21
Debra Alexander,ORTHOPEDICS,DOCTOR,1,7979765253,dor336@iith.ac.in,98
Jonathan Gonzalez,CARDIOLOGY,DOCTOR,1,6493532927,dor337@iith.ac.in,97
Stacy Shaw,GYNECOLOGY,DOCTOR,2,8741731684,dor338@iith.ac.in,91
Gary Arnold,PULMONOLOGY,DOCTOR,4,8506981649,dor339@iith.ac.in,28
Keith Jones,PEDIATRICS,DOCTOR,5,8761385694,dor340@iith.ac.in,44
Andres Hood,GENERAL MEDICINE,DOCTOR,3,6895215770,dor341@iith.ac.in,33
Kristopher Payne,NEUROLOGY,DOCTOR,2,7674000209,dor342@iith.ac.in,78
Matthew Delgado,ORTHOPEDICS,DOCTOR,5,7591945700,dor343@iith.ac.in,93
Nancy Wilson,CARDIOLOGY,DOCTOR,5,8759164779,dor344@iith.ac.in,55
Zachary Smith,GYNECOLOGY,DOCTOR,1,9987430936,dor345@iith.ac.in,38
Kenneth Ward,PULMONOLOGY,DOCTOR,4,6793640722,dor346@iith.ac.in,47
Samuel Hale,PEDIATRICS,DOCTOR,1,9459728123,dor347@iith.ac.in,67
Katherine Cobb DVM,GENERAL MEDICINE,DOCTOR,2,7651699412,dor348@iith.ac.in,27
Miss Tina Dean,NEUROLOGY,DOCTOR,2,6428897603,dor349@iith.ac.in,21
Andrew Martinez,ORTHOPEDICS,DOCTOR,5,8410513690,dor350@iith.ac.in,67
Sandra Atkinson,CARDIOLOGY,DOCTOR,5,6013849048,dor351@iith.ac.in,10
Jesse Martinez,GYNECOLOGY,DOCTOR,1,8702402538,dor352@iith.ac.in,64
John Jackson,PULMONOLOGY,DOCTOR,4,9218375351,dor353@iith.ac.in,6
Deborah Brown,PEDIATRICS,DOCTOR,4,7372001850,dor354@iith.ac.in,85
Patrick Joseph,GENERAL MEDICINE,DOCTOR,3,6393813529,dor355@iith.ac.in,15
Tyler Brown,NEUROLOGY,DOCTOR,1,9471492932,dor356@iith.ac.in,51
Michelle Strickland,ORTHOPEDICS,DOCTOR,3,6219273691,dor357@iith.ac.in,65
Douglas Gardner,CARDIOLOGY,DOCTOR,5,6608233567,dor358@iith.ac.in,30
Lisa Holland,GYNECOLOGY,DOCTOR,1,9585529349,dor359@iith.ac.in,94
Michael Young,PULMONOLOGY,DOCTOR,2,7908026120,dor360@iith.ac.in,15
Amanda Scott MD,PEDIATRICS,DOCTOR,5,9249822921,dor361@iith.ac.in,16
Linda Mitchell,GENERAL MEDICINE,DOCTOR,4,8234190718,dor362@iith.ac.in,19
Eddie Lindsey,NEUROLOGY,DOCTOR,1,7291305479,dor363@iith.ac.in,48
Gabrielle Weaver,ORTHOPEDICS,DOCTOR,4,6108251427,dor364@iith.ac.in,94
Sheila Huff,CARDIOLOGY,DOCTOR,4,7433865290,dor365@iith.ac.in,19
Andrew May,GYNECOLOGY,DOCTOR,5,8096681968,dor366@iith.ac.in,42
Kelly Huff,PULMONOLOGY,DOCTOR,3,8569570945,dor367@iith.ac.in,13
Andrew Colon,PEDIATRICS,DOCTOR,1,6096206751,dor368@iith.ac.in,17
Rhonda Brock,GENERAL MEDICINE,DOCTOR,1,9089444911,dor369@iith.ac.in,93
Carlos Yang,NEUROLOGY,DOCTOR,2,8722456614,dor370@iith.ac.in,68
Donna Dorsey,ORTHOPEDICS,DOCTOR,1,8076536300,dor371@iith.ac.in,36
Stephanie Rivera,CARDIOLOGY,DOCTOR,1,6934486223,dor372@iith.ac.in,83
Christine Martinez,GYNECOLOGY,DOCTOR,3,7862264462,dor373@iith.ac.in,48
Jerry Jones,PULMONOLOGY,DOCTOR,3,8925541368,dor374@iith.ac.in,11
Bonnie Michael,PEDIATRICS,DOCTOR,5,9677655410,dor375@iith.ac.in,28
Jeff Reeves,GENERAL MEDICINE,DOCTOR,4,6429833337,dor376@iith.ac.in,59
Travis Benjamin,NEUROLOGY,DOCTOR,4,8676730828,dor377@iith.ac.in,9
Cheryl Schultz,ORTHOPEDICS,DOCTOR,3,8655859707,dor378@iith.ac.in,83
Larry Clay,CARDIOLOGY,DOCTOR,5,7443468285,dor379@iith.ac.in,40
Alan Giles,GYNECOLOGY,DOCTOR,3,7051868400,dor380@iith.ac.in,77
Juan Davis,PULMONOLOGY,DOCTOR,2,6740142257,dor381@iith.ac.in,100
Charles Wood,PEDIATRICS,DOCTOR,2,7732463024,dor382@iith.ac.in,13
Mandy Russell,GENERAL MEDICINE,DOCTOR,5,8788047059,dor383@iith.ac.in,65
Timothy Dudley,NEUROLOGY,DOCTOR,3,7284226290,dor384@iith.ac.in,11
Teresa Williamson,ORTHOPEDICS,DOCTOR,2,7384799234,dor385@iith.ac.in,0
Mr. Eric Fuentes,CARDIOLOGY,DOCTOR,5,6650009871,dor386@iith.ac.in,71
Courtney Roberts,GYNECOLOGY,DOCTOR,4,9519794284,dor387@iith.ac.in,59
Paula Young,PULMONOLOGY,DOCTOR,3,9791022483,dor388@iith.ac.in,97
Christine Johnson,PEDIATRICS,DOCTOR,4,8438414403,dor389@iith.ac.in,70
Alicia Bentley,GENERAL MEDICINE,DOCTOR,1,7876231943,dor390@iith.ac.in,19
Stacie Perez,NEUROLOGY,DOCTOR,1,9505974915,dor391@iith.ac.in,9
Patrick Townsend,ORTHOPEDICS,DOCTOR,4,9266856392,dor392@iith.ac.in,28
Todd Cross,CARDIOLOGY,DOCTOR,2,7699787541,dor393@iith.ac.in,47
Antonio Johnson,GYNECOLOGY,DOCTOR,5,9456490546,dor394@iith.ac.in,25
Michael Nelson,PULMONOLOGY,DOCTOR,5,7752098649,dor395@iith.ac.in,28
Adam Burton,PEDIATRICS,DOCTOR,5,6591229625,dor396@iith.ac.in,98
Carrie Bray,GENERAL MEDICINE,DOCTOR,5,6092050501,dor397@iith.ac.in,10
Teresa Armstrong,NEUROLOGY,DOCTOR,3,8737228421,dor398@iith.ac.in,88
James Santos,ORTHOPEDICS,DOCTOR,5,6444813127,dor399@iith.ac.in,33
Lauren Hawkins,CARDIOLOGY,DOCTOR,5,6229737708,dor400@iith.ac.in,25
Beth Edwards,GYNECOLOGY,DOCTOR,4,7677682055,dor401@iith.ac.in,32
Cindy Love,PULMONOLOGY,DOCTOR,2,8730150825,dor402@iith.ac.in,81
Howard Martinez,PEDIATRICS,DOCTOR,2,8198946841,dor403@iith.ac.in,59
Frank Sharp,GENERAL MEDICINE,DOCTOR,2,6234155205,dor404@iith.ac.in,5
Christina Brown,NEUROLOGY,DOCTOR,3,9734263973,dor405@iith.ac.in,67
Donald Mills,ORTHOPEDICS,DOCTOR,3,8283179623,dor406@iith.ac.in,36
Brian Kennedy,CARDIOLOGY,DOCTOR,3,7013724130,dor407@iith.ac.in,62
Stephen Gillespie,GYNECOLOGY,DOCTOR,1,9333381122,dor408@iith.ac.in,46
Nicole Valdez,PULMONOLOGY,DOCTOR,3,6820025855,dor409@iith.ac.in,92
Evan Johnson,PEDIATRICS,DOCTOR,2,8287933680,dor410@iith.ac.in,45
Miranda Vasquez,GENERAL MEDICINE,DOCTOR,1,7600714635,dor411@iith.ac.in,25
Jason Henson,NEUROLOGY,DOCTOR,4,6707184862,dor412@iith.ac.in,61
Nichole Key,ORTHOPEDICS,DOCTOR,1,6990355013,dor413@iith.ac.in,17
Rodney Johnson,CARDIOLOGY,DOCTOR,1,6006931408,dor414@iith.ac.in,25
John Tran,GYNECOLOGY,DOCTOR,3,8104683253,dor415@iith.ac.in,87
Sydney Pena,PULMONOLOGY,DOCTOR,3,9716420627,dor416@iith.ac.in,6
Lori Anderson,PEDIATRICS,DOCTOR,3,9805362850,dor417@iith.ac.in,23
Christian Turner,GENERAL MEDICINE,DOCTOR,4,6887973423,dor418@iith.ac.in,76
Allison Ball,NEUROLOGY,DOCTOR,4,9384871139,dor419@iith.ac.in,73
Joshua Jones MD,ORTHOPEDICS,DOCTOR,4,6668018589,dor420@iith.ac.in,19
Kirsten Turner,CARDIOLOGY,DOCTOR,3,6420749408,dor421@iith.ac.in,88
Andrew Rowland,GYNECOLOGY,DOCTOR,5,9617409221,dor422@iith.ac.in,72
Kelli Chandler,PULMONOLOGY,DOCTOR,2,8655739847,dor423@iith.ac.in,20
Dr. Justin Guzman Jr.,PEDIATRICS,DOCTOR,3,6781550044,dor424@iith.ac.in,80
Rachel Anderson,GENERAL MEDICINE,DOCTOR,4,9652382279,dor425@iith.ac.in,96
Robert Jones,NEUROLOGY,DOCTOR,5,9652377134,dor426@iith.ac.in,90
Erin White,ORTHOPEDICS,DOCTOR,2,6550796757,dor427@iith.ac.in,33
Paula Palmer,CARDIOLOGY,DOCTOR,4,8055034313,dor428@iith.ac.in,38
Jennifer Hill,GYNECOLOGY,DOCTOR,1,9467219936,dor429@iith.ac.in,96
Mark Jones,PULMONOLOGY,DOCTOR,3,8532186578,dor430@iith.ac.in,95
Nicholas Jenkins,PEDIATRICS,DOCTOR,5,6394807033,dor431@iith.ac.in,22
Tracy Hancock,GENERAL MEDICINE,DOCTOR,5,7065221527,dor432@iith.ac.in,99
Charles Gonzalez,NEUROLOGY,DOCTOR,3,6103300058,dor433@iith.ac.in,70
Ronald Lee,ORTHOPEDICS,DOCTOR,2,7534252023,dor434@iith.ac.in,47
Rhonda Walter,CARDIOLOGY,DOCTOR,4,9237555417,dor435@iith.ac.in,59
Tammy Garcia,GYNECOLOGY,DOCTOR,5,6863590058,dor436@iith.ac.in,100
Melinda Jimenez,PULMONOLOGY,DOCTOR,4,8062724358,dor437@iith.ac.in,82
Anita Jenkins,PEDIATRICS,DOCTOR,1,9280415619,dor438@iith.ac.in,15
Michelle Rice MD,GENERAL MEDICINE,DOCTOR,4,6986855436,dor439@iith.ac.in,88
Matthew Durham,NEUROLOGY,DOCTOR,1,9811423992,dor440@iith.ac.in,47
Felicia Pineda,ORTHOPEDICS,DOCTOR,4,6609414896,dor441@iith.ac.in,76
Benjamin Williams,CARDIOLOGY,DOCTOR,4,8840176497,dor442@iith.ac.in,62
Margaret Boyer,GYNECOLOGY,DOCTOR,1,7730470688,dor443@iith.ac.in,99
Patricia Craig,PULMONOLOGY,DOCTOR,5,9852932095,dor444@iith.ac.in,17
Angel Norris,PEDIATRICS,DOCTOR,4,9911980026,dor445@iith.ac.in,54
Jason Todd,GENERAL MEDICINE,DOCTOR,2,6795142833,dor446@iith.ac.in,24
Joyce Ortega,NEUROLOGY,DOCTOR,5,7886535945,dor447@iith.ac.in,36
Judith Valdez MD,ORTHOPEDICS,DOCTOR,5,9529939755,dor448@iith.ac.in,46
John Hebert,CARDIOLOGY,DOCTOR,2,7598288841,dor449@iith.ac.in,7
Timothy Hoffman,GYNECOLOGY,DOCTOR,5,9461641190,dor450@iith.ac.in,17
Joshua Rose,PULMONOLOGY,DOCTOR,4,8568917355,dor451@iith.ac.in,26
Mark Mckinney,PEDIATRICS,DOCTOR,5,8985455624,dor452@iith.ac.in,49
Jeff Peterson,GENERAL MEDICINE,DOCTOR,1,8249148453,dor453@iith.ac.in,60
Clarence Powers,NEUROLOGY,DOCTOR,5,7828965837,dor454@iith.ac.in,65
Stuart Mckay,ORTHOPEDICS,DOCTOR,3,7261617936,dor455@iith.ac.in,27
Julian Koch,CARDIOLOGY,DOCTOR,3,9134674941,dor456@iith.ac.in,99
Andre Macias,GYNECOLOGY,DOCTOR,3,6216995167,dor457@iith.ac.in,86
Christopher Reed,PULMONOLOGY,DOCTOR,2,9457682286,dor458@iith.ac.in,45
Vincent Clark,PEDIATRICS,DOCTOR,3,6625885052,dor459@iith.ac.in,47
David Castro,GENERAL MEDICINE,DOCTOR,4,6539564448,dor460@iith.ac.in,49
Tonya Long,NEUROLOGY,DOCTOR,5,8750320899,dor461@iith.ac.in,84
Jennifer Hodges,ORTHOPEDICS,DOCTOR,4,6803033487,dor462@iith.ac.in,1
Earl Mitchell,CARDIOLOGY,DOCTOR,2,7924659763,dor463@iith.ac.in,98
Paula Ramirez,GYNECOLOGY,DOCTOR,2,8779758455,dor464@iith.ac.in,94
Sergio Jordan,PULMONOLOGY,DOCTOR,3,8902221637,dor465@iith.ac.in,50
Amanda Glass,PEDIATRICS,DOCTOR,4,9603965342,dor466@iith.ac.in,25
Sarah Smith,GENERAL MEDICINE,DOCTOR,3,7512050826,dor467@iith.ac.in,27
Michael Fernandez,NEUROLOGY,DOCTOR,5,7257984030,dor468@iith.ac.in,80
Marissa Snyder,ORTHOPEDICS,DOCTOR,2,6211482568,dor469@iith.ac.in,70
Janice Harvey,CARDIOLOGY,DOCTOR,1,8433115325,dor470@iith.ac.in,44
Rebecca Collins,GYNECOLOGY,DOCTOR,4,7467573539,dor471@iith.ac.in,40
Brent Johnston,PULMONOLOGY,DOCTOR,4,6531722281,dor472@iith.ac.in,43
David Young,PEDIATRICS,DOCTOR,1,7204132310,dor473@iith.ac.in,90
Kenneth Cox,GENERAL MEDICINE,DOCTOR,1,9924381321,dor474@iith.ac.in,21
Jessica King,NEUROLOGY,DOCTOR,1,7702490650,dor475@iith.ac.in,7
Ashley Hobbs,ORTHOPEDICS,DOCTOR,4,7796110496,dor476@iith.ac.in,85
Nathan Kelly,CARDIOLOGY,DOCTOR,1,8982968383,dor477@iith.ac.in,74
Ethan Malone,GYNECOLOGY,DOCTOR,2,9985774040,dor478@iith.ac.in,46
Helen Hardin,PULMONOLOGY,DOCTOR,1,7324001081,dor479@iith.ac.in,40
Amanda Wood,PEDIATRICS,DOCTOR,2,8170155350,dor480@iith.ac.in,41
Jennifer Jackson,GENERAL MEDICINE,DOCTOR,2,6849457284,dor481@iith.ac.in,40
Darlene Williams,NEUROLOGY,DOCTOR,1,9425825743,dor482@iith.ac.in,93
Cassie Gardner,ORTHOPEDICS,DOCTOR,4,7371252436,dor483@iith.ac.in,31
Donald Little,CARDIOLOGY,DOCTOR,4,9443573379,dor484@iith.ac.in,21
Mark Collins,GYNECOLOGY,DOCTOR,1,7782258470,dor485@iith.ac.in,31
Jessica Hansen,PULMONOLOGY,DOCTOR,5,6343439702,dor486@iith.ac.in,19
Aaron Boyer,PEDIATRICS,DOCTOR,2,9606840334,dor487@iith.ac.in,48
John Baker,GENERAL MEDICINE,DOCTOR,3,7780058442,dor488@iith.ac.in,98
Sydney Krueger,NEUROLOGY,DOCTOR,3,8963462027,dor489@iith.ac.in,0
Debbie Dorsey,ORTHOPEDICS,DOCTOR,4,6046788275,dor490@iith.ac.in,29
Andrea Byrd,CARDIOLOGY,DOCTOR,5,6068279840,dor491@iith.ac.in,10
Laurie Peck,GYNECOLOGY,NURSE,4,7939468858,nur75@iith.ac.in,91
Derek Velez,PULMONOLOGY,NURSE,2,7851406426,nur76@iith.ac.in,57
Kayla Nelson,PEDIATRICS,NURSE,3,8838950114,nur77@iith.ac.in,32
Sheila Williams,GENERAL MEDICINE,NURSE,5,8856863178,nur78@iith.ac.in,61
James Mcclain,NEUROLOGY,NURSE,1,6878844460,nur79@iith.ac.in,22
Linda Vaughn,ORTHOPEDICS,NURSE,5,6193158104,nur80@iith.ac.in,69
Sabrina Grimes,CARDIOLOGY,NURSE,4,8035387203,nur81@iith.ac.in,39
Brittney Moran,GYNECOLOGY,NURSE,1,9150427406,nur82@iith.ac.in,68
Jon Horton,PULMONOLOGY,NURSE,2,9871734691,nur83@iith.ac.in,75
Luke Burton,PEDIATRICS,NURSE,4,8055156526,nur84@iith.ac.in,91
Barbara Hill,GENERAL MEDICINE,NURSE,2,8387371664,nur85@iith.ac.in,3
Theresa Rodriguez,NEUROLOGY,NURSE,5,7115915673,nur86@iith.ac.in,46
Jeffrey Parker,ORTHOPEDICS,NURSE,4,9974920030,nur87@iith.ac.in,42
Adrian Lopez,CARDIOLOGY,NURSE,2,7465487241,nur88@iith.ac.in,12
Nicole Peters,GYNECOLOGY,NURSE,5,6600890359,nur89@iith.ac.in,45
Tracy Craig,PULMONOLOGY,NURSE,2,9227573862,nur90@iith.ac.in,36
Marcia Stevenson,PEDIATRICS,NURSE,3,9505712733,nur91@iith.ac.in,33
Sean Robinson,GENERAL MEDICINE,NURSE,3,7765029625,nur92@iith.ac.in,19
Jeffrey Kerr,NEUROLOGY,NURSE,5,8704968857,nur93@iith.ac.in,0
Edward Jimenez,ORTHOPEDICS,NURSE,3,8468526157,nur94@iith.ac.in,60
Elijah Phillips,CARDIOLOGY,NURSE,1,6073329359,nur95@iith.ac.in,78
Nicole George,GYNECOLOGY,NURSE,1,7274469320,nur96@iith.ac.in,87
Angelica Yu,PULMONOLOGY,NURSE,5,6387468882,nur97@iith.ac.in,86
Amy Rhodes,PEDIATRICS,NURSE,1,7650403762,nur98@iith.ac.in,86
Crystal Lin,GENERAL MEDICINE,NURSE,1,6897738197,nur99@iith.ac.in,6
Jennifer Green,NEUROLOGY,NURSE,4,6328453391,nur100@iith.ac.in,15
Daniel Dunn,ORTHOPEDICS,NURSE,5,9566086002,nur101@iith.ac.in,51
Thomas Briggs,CARDIOLOGY,NURSE,5,8709016412,nur102@iith.ac.in,88
Sean Trujillo,GYNECOLOGY,NURSE,5,8275224403,nur103@iith.ac.in,51
Daniel Johnson,PULMONOLOGY,NURSE,4,9720257546,nur104@iith.ac.in,36
Brent Howard,PEDIATRICS,NURSE,2,8601063109,nur105@iith.ac.in,58
Adam Curry,GENERAL MEDICINE,NURSE,4,6976304579,nur106@iith.ac.in,54
Angel Leonard,NEUROLOGY,NURSE,3,7665398537,nur107@iith.ac.in,53
Thomas Chavez,ORTHOPEDICS,NURSE,2,6108534206,nur108@iith.ac.in,63
Christy Mccarthy,CARDIOLOGY,NURSE,3,7088619636,nur109@iith.ac.in,86
Randy Miller,GYNECOLOGY,NURSE,1,6387552682,nur110@iith.ac.in,8
Tabitha Warren,PULMONOLOGY,NURSE,5,8072678028,nur111@iith.ac.in,78
Christopher Cordova,PEDIATRICS,NURSE,5,8667261852,nur112@iith.ac.in,8
Melanie Brown,GENERAL MEDICINE,NURSE,2,6725603853,nur113@iith.ac.in,10
Ryan Allison,NEUROLOGY,NURSE,5,7127938412,nur114@iith.ac.in,77
Micheal Ferguson,ORTHOPEDICS,NURSE,5,8520131323,nur115@iith.ac.in,72
Mrs. Erin Phelps,CARDIOLOGY,NURSE,2,9511409631,nur116@iith.ac.in,29
Justin Turner,GYNECOLOGY,NURSE,3,9795963710,nur117@iith.ac.in,76
Shannon Allen,PULMONOLOGY,NURSE,3,6156237309,nur118@iith.ac.in,90
Nancy Hawkins,PEDIATRICS,NURSE,1,9290057022,nur119@iith.ac.in,88
Melissa Chandler,GENERAL MEDICINE,NURSE,4,7404528911,nur120@iith.ac.in,88
Kevin Hansen,NEUROLOGY,NURSE,5,6569040843,nur121@iith.ac.in,63
Scott Morgan,ORTHOPEDICS,NURSE,5,9423212660,nur122@iith.ac.in,6
Nancy Forbes,CARDIOLOGY,NURSE,2,9556901598,nur123@iith.ac.in,22
Sara Fuentes,GYNECOLOGY,NURSE,2,8356804336,nur124@iith.ac.in,60
Lisa Ruiz,PULMONOLOGY,NURSE,4,9368193880,nur125@iith.ac.in,48
Douglas Barnes,PEDIATRICS,NURSE,3,6005719293,nur126@iith.ac.in,28
Mr. James Reeves DDS,GENERAL MEDICINE,NURSE,2,8094534105,nur127@iith.ac.in,52
Breanna Duran,NEUROLOGY,NURSE,3,7430676836,nur128@iith.ac.in,86
Sandra Hill,ORTHOPEDICS,NURSE,2,8991534387,nur129@iith.ac.in,28
Anthony Williams,CARDIOLOGY,NURSE,1,9681002646,nur130@iith.ac.in,43
Edward Meyer,GYNECOLOGY,NURSE,3,8871912437,nur131@iith.ac.in,12
Daniel Huynh,PULMONOLOGY,NURSE,1,7180376661,nur132@iith.ac.in,54
Michael Martin,PEDIATRICS,NURSE,4,6868592772,nur133@iith.ac.in,28
John Carpenter,GENERAL MEDICINE,NURSE,3,6954901067,nur134@iith.ac.in,69
Amy Parker DDS,NEUROLOGY,NURSE,4,6215264587,nur135@iith.ac.in,21
Tyrone Daniels,ORTHOPEDICS,NURSE,4,9198376694,nur136@iith.ac.in,91
Andrew Wright,CARDIOLOGY,NURSE,1,7560820473,nur137@iith.ac.in,55
Jose Hart,GYNECOLOGY,NURSE,2,9494551432,nur138@iith.ac.in,91
Kristina Jennings,PULMONOLOGY,NURSE,3,9762622635,nur139@iith.ac.in,49
Michele Pena,PEDIATRICS,NURSE,3,6236575371,nur140@iith.ac.in,53
Mary Washington,GENERAL MEDICINE,NURSE,5,6669974243,nur141@iith.ac.in,56
Robyn Reyes,NEUROLOGY,NURSE,4,9098111967,nur142@iith.ac.in,0
Samantha Warner,ORTHOPEDICS,NURSE,1,8148762150,nur143@iith.ac.in,22
Daniel Jennings,CARDIOLOGY,NURSE,4,7941646810,nur144@iith.ac.in,97
Amber Garrett,GYNECOLOGY,NURSE,4,9278945121,nur145@iith.ac.in,8
Jeremy Poole,PULMONOLOGY,NURSE,2,7610884638,nur146@iith.ac.in,12
Holly Richards,PEDIATRICS,NURSE,5,9539291416,nur147@iith.ac.in,26
Susan Wang,GENERAL MEDICINE,NURSE,1,7453888636,nur148@iith.ac.in,72
Belinda Mendez,NEUROLOGY,NURSE,2,9080595843,nur149@iith.ac.in,28
Katherine Buchanan,ORTHOPEDICS,STAFF,2,9620663226,stf164@iith.ac.in,87
Cynthia Shelton,CARDIOLOGY,STAFF,4,7548401492,stf165@iith.ac.in,80
Philip Stanton,GYNECOLOGY,STAFF,1,8318252438,stf166@iith.ac.in,19
Denise Lozano,PULMONOLOGY,STAFF,2,8621460062,stf167@iith.ac.in,13
Gabriella Spence,PEDIATRICS,STAFF,5,9356082885,stf168@iith.ac.in,69
Jennifer Henderson,GENERAL MEDICINE,STAFF,3,6632287312,stf169@iith.ac.in,74
Ricky Haynes,NEUROLOGY,STAFF,4,8784460721,stf170@iith.ac.in,61
Nicole Brown,ORTHOPEDICS,STAFF,1,8404321545,stf171@iith.ac.in,59
Michael Hatfield,CARDIOLOGY,STAFF,5,8859580671,stf172@iith.ac.in,35
Martin Huynh,GYNECOLOGY,STAFF,5,6306281701,stf173@iith.ac.in,37
Meagan Glenn,PULMONOLOGY,STAFF,5,9133714507,stf174@iith.ac.in,33
Maria Freeman,PEDIATRICS,STAFF,3,6034011313,stf175@iith.ac.in,21
Wendy Dickerson,GENERAL MEDICINE,STAFF,4,6812192638,stf176@iith.ac.in,51
Joseph Lewis,NEUROLOGY,STAFF,4,8866735226,stf177@iith.ac.in,42
Edward Hernandez,ORTHOPEDICS,STAFF,3,6404981154,stf178@iith.ac.in,36
Dave Kane,CARDIOLOGY,STAFF,4,7121070089,stf179@iith.ac.in,61
Ian Franklin,GYNECOLOGY,STAFF,3,6966017844,stf180@iith.ac.in,6
Randall Castro,PULMONOLOGY,STAFF,5,8850549662,stf181@iith.ac.in,7
Blake Miller,PEDIATRICS,STAFF,4,8274240825,stf182@iith.ac.in,90
Rebecca Steele,GENERAL MEDICINE,STAFF,2,9112744446,stf183@iith.ac.in,88
Christopher Walker,NEUROLOGY,STAFF,2,8303975818,stf184@iith.ac.in,2
Jessica Noble,ORTHOPEDICS,STAFF,5,8049283185,stf185@iith.ac.in,67
Raymond Moody,CARDIOLOGY,STAFF,4,9091796036,stf186@iith.ac.in,15
Ashley Armstrong,GYNECOLOGY,STAFF,4,7979533745,stf187@iith.ac.in,84
Brian Smith,PULMONOLOGY,STAFF,5,6236244534,stf188@iith.ac.in,58
Thomas Avery,PEDIATRICS,STAFF,5,9274416585,stf189@iith.ac.in,94
Joseph Washington,GENERAL MEDICINE,STAFF,2,6524376926,stf190@iith.ac.in,44
Tyler Carter,NEUROLOGY,STAFF,3,9071776454,stf191@iith.ac.in,50
Benjamin Garcia,ORTHOPEDICS,STAFF,1,6332541682,stf192@iith.ac.in,47
Michael Baker,CARDIOLOGY,STAFF,2,6466912823,stf193@iith.ac.in,43
Julia Perry,GYNECOLOGY,STAFF,3,6322154210,stf194@iith.ac.in,42
Roberto Henry,PULMONOLOGY,STAFF,5,8903957593,stf195@iith.ac.in,9
Laura Black,PEDIATRICS,STAFF,3,6008488747,stf196@iith.ac.in,58
Javier James,GENERAL MEDICINE,STAFF,3,6168161493,stf197@iith.ac.in,10
Renee Powers,NEUROLOGY,STAFF,5,8636315651,stf198@iith.ac.in,19
Joshua Gonzalez,ORTHOPEDICS,STAFF,3,9745820406,stf199@iith.ac.in,6
Edward Young DDS,CARDIOLOGY,STAFF,2,8590580299,stf200@iith.ac.in,96
Deanna Crawford,GYNECOLOGY,STAFF,2,6929063956,stf201@iith.ac.in,24
Michael Aguilar,PULMONOLOGY,STAFF,4,9479129900,stf202@iith.ac.in,20
Kyle Mendez,PEDIATRICS,STAFF,3,8022436884,stf203@iith.ac.in,8
James Scott,GENERAL MEDICINE,STAFF,4,7532388520,stf204@iith.ac.in,23
Erin Walton,NEUROLOGY,STAFF,3,7064085279,stf205@iith.ac.in,77
Marcus Lopez,ORTHOPEDICS,STAFF,1,8127975970,stf206@iith.ac.in,90
Raymond Davis,CARDIOLOGY,STAFF,2,8511868607,stf207@iith.ac.in,82
Amanda Fernandez,GYNECOLOGY,STAFF,1,7052038550,stf208@iith.ac.in,17
Robin Michael,PULMONOLOGY,STAFF,2,6514594838,stf209@iith.ac.in,56
Sarah Morgan,PEDIATRICS,STAFF,1,6786660989,stf210@iith.ac.in,94
Ashley Palmer,GENERAL MEDICINE,STAFF,1,7873028619,stf211@iith.ac.in,6
Aaron Blackburn,NEUROLOGY,STAFF,5,8883277365,stf212@iith.ac.in,47
Casey Alvarado,ORTHOPEDICS,STAFF,2,8397696745,stf213@iith.ac.in,2
Isaac Harvey,CARDIOLOGY,STAFF,1,6314863821,stf214@iith.ac.in,26
Tammy Lyons,GYNECOLOGY,STAFF,2,8516920618,stf215@iith.ac.in,41
Amanda Taylor,PULMONOLOGY,STAFF,2,8558824693,stf216@iith.ac.in,18
Jennifer Sherman,PEDIATRICS,STAFF,2,9745449833,stf217@iith.ac.in,98
Michelle Gibson,GENERAL MEDICINE,STAFF,3,7485790584,stf218@iith.ac.in,87
John Phillips,NEUROLOGY,STAFF,5,6756414413,stf219@iith.ac.in,94
Shirley Anderson,ORTHOPEDICS,STAFF,3,9159671658,stf220@iith.ac.in,76
Lauren Beasley,CARDIOLOGY,STAFF,3,9482729231,stf221@iith.ac.in,36
Jeffrey Lee,GYNECOLOGY,STAFF,5,8731705931,stf222@iith.ac.in,67
Robin Phillips,PULMONOLOGY,STAFF,5,7230461309,stf223@iith.ac.in,54
Roger Campbell,PEDIATRICS,STAFF,2,7116846506,stf224@iith.ac.in,69
Stacy Bell,GENERAL MEDICINE,STAFF,2,8223352729,stf225@iith.ac.in,95
Melinda Reid,NEUROLOGY,STAFF,1,6097610698,stf226@iith.ac.in,88
Susan Carson,ORTHOPEDICS,STAFF,3,9280840761,stf227@iith.ac.in,73
Ruben Wilson,CARDIOLOGY,STAFF,2,8161678940,stf228@iith.ac.in,29
Michael Robinson,GYNECOLOGY,STAFF,3,7886210734,stf229@iith.ac.in,76
Amanda Lopez,PULMONOLOGY,STAFF,1,9093993342,stf230@iith.ac.in,49
Eric Lopez,PEDIATRICS,STAFF,2,6264669021,stf231@iith.ac.in,7
Nicole Diaz,GENERAL MEDICINE,STAFF,1,6321358018,stf232@iith.ac.in,86
Julie Smith,NEUROLOGY,STAFF,2,8187659679,stf233@iith.ac.in,18
Andrea Garcia,ORTHOPEDICS,STAFF,4,7128427330,stf234@iith.ac.in,91
Kellie Quinn,CARDIOLOGY,STAFF,4,8787817938,stf235@iith.ac.in,80
Jorge Horton,GYNECOLOGY,STAFF,1,9368768853,stf236@iith.ac.in,93
Victor Alvarez,PULMONOLOGY,STAFF,4,6223460158,stf237@iith.ac.in,1
Andrew Baker,PEDIATRICS,STAFF,2,9239735329,stf238@iith.ac.in,77
Gregory Rogers,GENERAL MEDICINE,STAFF,2,9118098007,stf239@iith.ac.in,39
Timothy Brooks DDS,NEUROLOGY,STAFF,4,9801963644,stf240@iith.ac.in,61
James Ortiz,ORTHOPEDICS,STAFF,2,7206079901,stf241@iith.ac.in,79
William Kirby,CARDIOLOGY,STAFF,1,8211174322,stf242@iith.ac.in,98
Patricia Phillips,GYNECOLOGY,STAFF,3,8478416781,stf243@iith.ac.in,45
Karen Rogers,PULMONOLOGY,STAFF,1,7333341828,stf244@iith.ac.in,88
Jeffrey Anderson,PEDIATRICS,STAFF,2,7997180445,stf245@iith.ac.in,28
Stephen Ferguson,GENERAL MEDICINE,STAFF,3,6397557468,stf246@iith.ac.in,46
Debbie Frazier,NEUROLOGY,STAFF,2,7453038029,stf247@iith.ac.in,9
Wendy Johnson DVM,ORTHOPEDICS,STAFF,2,6325332405,stf248@iith.ac.in,59
Anita Ford,CARDIOLOGY,STAFF,3,9226348221,stf249@iith.ac.in,79
Sue Walters,GYNECOLOGY,STAFF,2,8634475505,stf250@iith.ac.in,100
Kenneth Reyes,PULMONOLOGY,STAFF,4,9891303849,stf251@iith.ac.in,51
Norma Warner,PEDIATRICS,STAFF,3,7417793085,stf252@iith.ac.in,58
Timothy Castillo,GENERAL MEDICINE,STAFF,2,7913936387,stf253@iith.ac.in,84
Mary Gonzalez,NEUROLOGY,STAFF,3,6960903414,stf254@iith.ac.in,6
Michael Stone,ORTHOPEDICS,STAFF,3,8990021780,stf255@iith.ac.in,83
Jennifer Lee,CARDIOLOGY,STAFF,2,8711825966,stf256@iith.ac.in,100
Timothy Ritter,GYNECOLOGY,STAFF,4,8237649065,stf257@iith.ac.in,54
Scott Smith,PULMONOLOGY,STAFF,3,6022163217,stf258@iith.ac.in,53
Melissa Washington DDS,PEDIATRICS,STAFF,5,7418279469,stf259@iith.ac.in,62
Katherine Hunter,GENERAL MEDICINE,STAFF,5,9486406510,stf260@iith.ac.in,89
Virginia Murray,NEUROLOGY,STAFF,5,9608232521,stf261@iith.ac.in,34
Brenda Walker,ORTHOPEDICS,STAFF,4,6970242843,stf262@iith.ac.in,19
Jessica Ward,CARDIOLOGY,STAFF,1,9027540750,stf263@iith.ac.in,86
Joseph Morton,GYNECOLOGY,STAFF,4,9928787085,stf264@iith.ac.in,94
Dr. Sherry Barrera DDS,PULMONOLOGY,STAFF,1,7740616046,stf265@iith.ac.in,87
Sydney Buchanan,PEDIATRICS,STAFF,1,6650714524,stf266@iith.ac.in,28
Mary Willis,GENERAL MEDICINE,STAFF,1,7195315411,stf267@iith.ac.in,0
Grace Carter,NEUROLOGY,STAFF,3,9907455648,stf268@iith.ac.in,21
Douglas Pruitt,ORTHOPEDICS,STAFF,3,8423120175,stf269@iith.ac.in,6
Christine Rice,CARDIOLOGY,STAFF,2,8542158713,stf270@iith.ac.in,92
Gabriel Thomas,GYNECOLOGY,STAFF,1,9445042897,stf271@iith.ac.in,59
Stephanie Ramirez,PULMONOLOGY,STAFF,5,8567226944,stf272@iith.ac.in,76
Stephen Maynard,PEDIATRICS,STAFF,1,6873292837,stf273@iith.ac.in,50
Craig Ford,GENERAL MEDICINE,STAFF,1,6357958356,stf274@iith.ac.in,3
Zoe Chen,NEUROLOGY,STAFF,1,7562293439,stf275@iith.ac.in,60
Stephanie Garrett,ORTHOPEDICS,STAFF,3,9582001906,stf276@iith.ac.in,83
Chloe Myers,CARDIOLOGY,STAFF,5,9210317768,stf277@iith.ac.in,47
Sheri Gallagher,GYNECOLOGY,STAFF,2,7307880755,stf278@iith.ac.in,3
Glenn Reid,PULMONOLOGY,STAFF,2,6162178619,stf279@iith.ac.in,69
Mary Palmer,PEDIATRICS,STAFF,4,8858686462,stf280@iith.ac.in,38
Barbara Williamson,GENERAL MEDICINE,STAFF,2,8280253466,stf281@iith.ac.in,76
Lindsay Morris,NEUROLOGY,STAFF,4,7648764872,stf282@iith.ac.in,31
Richard Wood,ORTHOPEDICS,STAFF,3,7675742655,stf283@iith.ac.in,22
Kim Henry,CARDIOLOGY,STAFF,2,6963867746,stf284@iith.ac.in,91
Alexis Campbell,GYNECOLOGY,STAFF,5,8306066069,stf285@iith.ac.in,46
Bryan Jackson,PULMONOLOGY,STAFF,3,8742230025,stf286@iith.ac.in,80
Rachael Wiggins,PEDIATRICS,STAFF,4,8985899735,stf287@iith.ac.in,28
Timothy Vincent,GENERAL MEDICINE,STAFF,1,8513724184,stf288@iith.ac.in,59
Erin Whitney,NEUROLOGY,STAFF,5,6169097588,stf289@iith.ac.in,61
Jessica Rowe,ORTHOPEDICS,STAFF,2,8862355429,stf290@iith.ac.in,79
Lindsay Thompson,CARDIOLOGY,STAFF,1,7513714009,stf291@iith.ac.in,38
Terri Wheeler,GYNECOLOGY,STAFF,2,6188287581,stf292@iith.ac.in,31
Lindsey Lucas,PULMONOLOGY,STAFF,2,9000812388,stf293@iith.ac.in,19
Kenneth Moody,PEDIATRICS,STAFF,4,8291419460,stf294@iith.ac.in,27
Joseph Frost,GENERAL MEDICINE,STAFF,5,6620925225,stf295@iith.ac.in,32
Eric Turner,NEUROLOGY,STAFF,5,9241754987,stf296@iith.ac.in,30
Robert Chavez,ORTHOPEDICS,STAFF,3,8046645387,stf297@iith.ac.in,18
Katherine Walker,CARDIOLOGY,STAFF,5,6560716035,stf298@iith.ac.in,51
Kim Brown,GYNECOLOGY,STAFF,5,9241178621,stf299@iith.ac.in,3
Kevin Rubio,PULMONOLOGY,STAFF,2,9896637783,stf300@iith.ac.in,34
Patrick Cole,PEDIATRICS,STAFF,2,7895553218,stf301@iith.ac.in,30
Dawn Hernandez,GENERAL MEDICINE,STAFF,5,9557224830,stf302@iith.ac.in,21
Andrew Parker,NEUROLOGY,STAFF,4,7948804215,stf303@iith.ac.in,62
John Clark,ORTHOPEDICS,STAFF,5,6237579499,stf304@iith.ac.in,81
Joshua Cantu,CARDIOLOGY,STAFF,5,6110776742,stf305@iith.ac.in,15
Kathleen Middleton,GYNECOLOGY,STAFF,2,7781391234,stf306@iith.ac.in,16
John Rivers,PULMONOLOGY,STAFF,4,9376408629,stf307@iith.ac.in,90
Nathan Smith,PEDIATRICS,STAFF,2,8505216246,stf308@iith.ac.in,89
Donald Stanley,GENERAL MEDICINE,STAFF,5,7725529863,stf309@iith.ac.in,67
Jordan Lynch,NEUROLOGY,STAFF,3,9529335650,stf310@iith.ac.in,67
Marcus Blair MD,ORTHOPEDICS,STAFF,1,8616355629,stf311@iith.ac.in,92
Shannon Cooke,CARDIOLOGY,STAFF,3,7012814611,stf312@iith.ac.in,35
Michael Hatfield,GYNECOLOGY,STAFF,2,8989982825,stf313@iith.ac.in,7
Jenny Barron,PULMONOLOGY,STAFF,3,6982593466,stf314@iith.ac.in,33
Heather Collins MD,PEDIATRICS,STAFF,2,7257566525,stf315@iith.ac.in,93
Kimberly Scott,GENERAL MEDICINE,STAFF,5,7010009989,stf316@iith.ac.in,29
Tanya Carter,NEUROLOGY,STAFF,5,6946550638,stf317@iith.ac.in,91
Nancy Cooper,ORTHOPEDICS,STAFF,1,6960829811,stf318@iith.ac.in,27
Scott Frederick,CARDIOLOGY,STAFF,1,8891199664,stf319@iith.ac.in,15
Timothy Green,GYNECOLOGY,STAFF,1,6275987630,stf320@iith.ac.in,77
Destiny Austin,PULMONOLOGY,STAFF,3,8658466578,stf321@iith.ac.in,79
Zachary Martin,PEDIATRICS,STAFF,3,6825820210,stf322@iith.ac.in,96
Timothy Aguirre,GENERAL MEDICINE,STAFF,4,7244041400,stf323@iith.ac.in,15
Tamara Hardy,NEUROLOGY,STAFF,4,9242584117,stf324@iith.ac.in,3
Peter Espinoza,ORTHOPEDICS,STAFF,3,6195577070,stf325@iith.ac.in,53
Cynthia Carter,CARDIOLOGY,STAFF,4,8680276634,stf326@iith.ac.in,79
Emily Smith,GYNECOLOGY,STAFF,4,7391273008,stf327@iith.ac.in,49
Susan Aguirre,PULMONOLOGY,STAFF,1,7935042313,stf328@iith.ac.in,42
George Case,PEDIATRICS,STAFF,3,9552098813,stf329@iith.ac.in,62
Jennifer Rubio,GENERAL MEDICINE,STAFF,2,8340701198,stf330@iith.ac.in,67
Michael Hoffman,NEUROLOGY,STAFF,1,7877843536,stf331@iith.ac.in,42
John Coleman,ORTHOPEDICS,STAFF,4,9389907483,stf332@iith.ac.in,26
Ann Campbell,CARDIOLOGY,STAFF,5,6558990148,stf333@iith.ac.in,19
Daniel Wilson,GYNECOLOGY,STAFF,2,9500965988,stf334@iith.ac.in,6
Micheal Fernandez,PULMONOLOGY,STAFF,2,7724213104,stf335@iith.ac.in,37
John Webb,PEDIATRICS,STAFF,3,8110020614,stf336@iith.ac.in,18
Patricia Cline,GENERAL MEDICINE,STAFF,3,8744323942,stf337@iith.ac.in,85
Danielle Hartman,NEUROLOGY,STAFF,3,8434497788,stf338@iith.ac.in,35
Brandon Galvan,ORTHOPEDICS,STAFF,5,6732571516,stf339@iith.ac.in,15
James Ramsey,CARDIOLOGY,STAFF,3,8303715861,stf340@iith.ac.in,24
Brian Martinez,GYNECOLOGY,STAFF,5,8507111992,stf341@iith.ac.in,10
Dylan Reed,PULMONOLOGY,STAFF,3,8580048773,stf342@iith.ac.in,82
Karen Watkins,PEDIATRICS,STAFF,1,9281209719,stf343@iith.ac.in,41
John Sparks,GENERAL MEDICINE,STAFF,3,6623514696,stf344@iith.ac.in,10
Christopher Mcguire,NEUROLOGY,STAFF,3,7557567541,stf345@iith.ac.in,56
James Pierce,ORTHOPEDICS,STAFF,5,6369627065,stf346@iith.ac.in,35
Joseph Johnson,CARDIOLOGY,STAFF,2,7495256992,stf347@iith.ac.in,76
Lauren Vaughan,GYNECOLOGY,STAFF,3,7320753628,stf348@iith.ac.in,83
Mark Hamilton,PULMONOLOGY,STAFF,5,7189114926,stf349@iith.ac.in,0
Tara Smith,PEDIATRICS,STAFF,4,6014767469,stf350@iith.ac.in,54
David Clark,GENERAL MEDICINE,STAFF,4,8679402879,stf351@iith.ac.in,85
Tommy Smith,NEUROLOGY,STAFF,5,6493646760,stf352@iith.ac.in,1
Ashley Brown,ORTHOPEDICS,STAFF,3,8117963197,stf353@iith.ac.in,59
Nicole Grimes,CARDIOLOGY,STAFF,2,7388620958,stf354@iith.ac.in,85
Heather Mcpherson,GYNECOLOGY,STAFF,1,9883687775,stf355@iith.ac.in,71
Kaitlyn Vincent MD,PULMONOLOGY,STAFF,3,7981172936,stf356@iith.ac.in,22
Jerry Barnes,PEDIATRICS,STAFF,1,6370968217,stf357@iith.ac.in,79